,住址,傳真機號碼,公司代號,公司名稱,公司簡稱,實收資本額,成立日期,產業別,簽證會計師事務所,股票過戶機構,董事長
0,台北市和平西路一段三十號二樓,02-23640694,1240,茂生農經股份有限公司,茂生農經,339900000,19670218,農業科技,勤業眾信聯合會計師事務所,元大證券股份有限公司股務代理部,吳清德
1,台北市中山區松江路51號8樓,(02)2503-4933,1258,其祥生物科技控股有限公司,其祥-KY,368197910,20100511,食品工業,安永聯合會計師事務所,中國信託商業銀行代理部,王其祥
2,台北市中山區松江路156-1號8樓,(02)2567-1692,1259,安心食品服務股份有限公司,安心,323895000,19901123,觀光事業,資誠聯合會計師事務所,群益金鼎證券(股)公司股務代理部,林建元
3,新北市五股區五權五路31號,(02)2298-2263,1264,德麥食品股份有限公司,德麥,336959700,19890629,食品工業,勤業眾信聯合會計師事務所,富邦綜合證券(股)公司股務代理部,林雪嬌
4,高雄市前金區成功一路266號21樓之1,(07)215-5956,1268,漢來美食股份有限公司,漢來美食,377237300,20030109,觀光事業,勤業眾信聯合會計師事務所,福邦證券股份有限公司,賴宗成
5,新北市三重區重新路五段609巷8號5F-3,(02)2999-7900,1333,恩得利工業股份有限公司,恩得利,745153750,19931016,電子零組件業,建智聯合會計師事務所,中國信託商業銀行代理部,康榮寶
6,新北市新莊區五權一路9號5樓之1,02-22994848,1336,台翰精密科技股份有限公司,台翰,770984190,19870828,電子零組件業,勤業眾信聯合會計師事務所,永豐金證券(股)公司股務代理部,楊劍平
7,新北市汐止區大同路一段276之2號4、5樓,(02)2647-9369,1565,精華光學股份有限公司,精華,504165160,19860924,生技醫療業,資誠聯合會計師事務所,元大證券股務代理部,陳明賢
8,高雄市大寮區大發工業區興業路二號,07-7871515,1569,濱川企業股份有限公司,濱川,1134436860,19830330,電腦及週邊設備業,勤業眾信聯合會計師事務所,富邦綜合證券股份有限公司,蕭欽銘
9,新北市八里區博物館路81號,(02)2619-5618,1570,力肯實業股份有限公司,力肯,515008390,19831223,電機機械,勤業眾信聯合會計師事務所,元富證券股份有限公司股務代理部,溫銘漢
10,新北市五股區五權六路23號,02-22981718,1580,新麥企業股份有限公司,新麥,502302420,19830927,電機機械,勤業眾信聯合會計師事務所,台新國際商業銀行股務代理部,謝順和
11,台南市柳營區工一路15號(環保科技園區),06-6233311,1584,精剛精密科技股份有限公司,精剛,824705330,20020515,其他,勤業眾信聯合會計師事務所,元大證券股份有限公司,王炯棻
12,彰化縣埔鹽鄉南新村好金路47-4號,04-8655840,1586,和勤精機股份有限公司,和勤,801512000,19921109,電機機械,安侯建業聯合會計師事務所,福邦證券股份有限公司,黃亦翔
13,"P.O. B 10240, 4th Floor, Harbour Place, 103 South Church St.",+60-6-6793008,1591,英屬開曼群島商駿吉控股(股)公司,駿吉-KY,331648070,20091119,電機機械,安永聯合會計師事務所,第一金證券股份有限公司,江文洲
14,新竹縣湖口鄉德興路231號,03-5906393,1593,祺驊股份有限公司,祺驊,319484550,19970315,生技醫療業,勤業眾信聯合會計師事務所,富邦綜合證券(股)公司股務代理部,徐鉦鑑
15,桃園市蘆竹區長興路三段277巷33號,03-3249968,1595,川寶科技股份有限公司,川寶,471481340,19990219,電子零組件業,勤業眾信聯合會計師事務所,群益金鼎證券股份有限公司,張鴻明
16,74145 台南市南部科學園區新市區大利一路3號,(06)505-5959,1597,直得科技股份有限公司,直得,811875490,19981019,電機機械,資誠聯合會計師事務所,富邦綜合證券股份有限公司,陳麗芬
17,台南市山上區南洲里南洲41號,06-5783136,1599,宏佳騰動力科技股份有限公司,宏佳騰,734588230,20031225,電機機械,資誠聯合會計師事務所,統一綜合證券股份有限公司,鍾杰霖
18,嘉義縣民雄工業區中正路一號,05-2130645,1742,台灣蠟品股份有限公司,台蠟,715500000,19870813,化學工業,霈昇聯合會計師事務所,康和綜合證券股份有限公司,林哲印
19,台南市新化區中山路1001號,06-5981845,1752,南光化學製藥股份有限公司,南光,1009884720,19730820,生技醫療業,資誠聯合會計師事務所台南所,日盛證券股份有限公司,陳立賢
20,台南市新營區開元路168號,06-6351165,1777,生泰合成工業股份有限公司,生泰,300595500,19821109,生技醫療業,資誠聯合會計師事務所,元大證券股份有限公司股務代理部,蕭振明
21,新北市中和區建一路186號9樓,82271301,1781,合世生醫科技股份有限公司,合世,474076050,19961216,生技醫療業,資誠聯合會計師事務所,中國信託商業銀行,楊國和
22,台北市內湖區新湖一路36巷28號1樓,(02)27938009,1784,訊聯生物科技股份有限公司,訊聯,496269240,20000817,生技醫療業,資誠聯合會計師事務所,中國信託商業銀行(股)公司代理部,蔡政憲
23,台南市安南區工業三路1號,06-3843216,1785,光洋應用材料科技股份有限公司,光洋科,4984312430,19780829,其他電子業,資誠聯合會計師事務所,台新國際商業銀行股務代理部,馬堅勇
24,新北市三重區重新路5段609巷2號8樓之2,2995-3363,1788,杏昌生技股份有限公司,杏昌,360000000,19890213,生技醫療業,安侯建業聯合會計師事務所,元富證券股份有限公司股務代理部,李忠良
25,台南市新營區新工路33號,06-5055750,1796,金穎生物科技股份有限公司,金穎生技,278933910,19990717,食品工業,資誠聯合會計師事務所,兆豐證券股份有限公司,張曉莉
26,新竹科學工業園區新竹市東區研發二路10號1樓,(03)666-9697,1799,易威生醫科技股份有限公司,易威,1258426780,19980810,生技醫療業,資誠聯合會計師事務所,宏遠證券股份有限公司股務代理部,林翰飛
27,33759桃園市大園區南港里11鄰長發路406號,03-3863837,1813,寶利徠光學科技股份有限公司,寶利徠,466355100,19930922,生技醫療業,勤業眾信聯合會計師事務所,群益金鼎證券股份有限公司,宋一新
28,雲林縣斗六市榴南里斗工十六路8號,02-27357698,1815,富喬工業股份有限公司,富喬,4229464980,19990114,電子零組件業,勤業眾信聯合會計師事務所,富喬工業股份有限公司股務室,張元賓
29,高雄市小港區沿海二路四號,07-8010801,2035,唐榮鐵工廠股份有限公司,唐榮公司,3500000000,19550426,鋼鐵工業,安侯建業會計師事務所,群益金鼎證券股份有限公司,吳豐盛(代行)
30,高雄市苓雅區新光路38號30樓之4,07-2693515,2061,風青實業股份有限公司,風青,586609470,19940910,電器電纜,資誠聯合會計師事務所,中國信託商業銀行代理部,陳福得
31,高雄市岡山區本洲里本工一路一號,07-6230964,2063,世鎧精密股份有限公司,世鎧,450000000,19920428,鋼鐵工業,勤業眾信聯合會計師事務所,永豐金證券股份有限公司,杜泰源
32,50544彰化縣鹿港鎮鹿工路24號,04-7810099,2064,晉椿工業股份有限公司,晉椿,696300000,19710510,鋼鐵工業,安侯建業聯合會計師事務所,群益金鼎證券股份有限公司,陳譽
33,(82547)高雄市橋頭區頂鹽里復興西路810號,07-6119596,2065,世豐螺絲股份有限公司,世豐,329195590,19730809,鋼鐵工業,安侯建業聯合會計師事務所,富邦綜合證券股份有限公司,杜泰源
34,高雄市大寮區(831)大發工業區華西路20號,07-7887868,2066,世德工業股份有限公司,世德,365028700,19880129,電機機械,安侯建業聯合會計師事務所,台新國際商銀股務代理部,陳光裕
35,(62155)嘉義縣民雄鄉民雄工業區成功二街21號,(05)2208033,2067,嘉鋼精密工業股份有限公司,嘉鋼,451381770,19740411,電機機械,勤業眾信聯合會計師事務所,華南永昌綜合證券股份有限公司,曹光照
36,高雄市湖內區忠孝街110巷58號,07-6937772,2070,精湛光學科技股份有限公司,精湛,357828000,19940921,電機機械,資誠聯合會計師事務所,群益金鼎證券股份有限公司,吳俊男
37,台中市大甲區幼獅路69號,04-26815456,2221,大甲永和機械工業股份有限公司,大甲,423250000,19770819,其他,勤業眾信聯合會計師事務所,凱基證券股份有限公司,黃士峰
38,(72046)台南市官田區二鎮里實踐街10號,06-6990675,2230,泰茂實業股份有限公司,泰茂,399131940,19910206,電機機械,勤業眾信聯合會計師事務所,兆豐證券股份有限公司,呂萬賢
39,33378桃園市龜山區大華里頂湖路24號,(03)3973199,2235,謚源實業股份有限公司,謚源,358780000,19870416,電機機械,安永聯合會計師事務所,統一證券股份有限公司股務代理部,吳碣石
40,台北市市民大道五段69號2樓,(02)8787-3416,2596,綠意開發股份有限公司,綠意,1000000000,20010504,建材營造,安侯建業聯合會計師事務所,福邦證券股份有限公司,許燈城
41,台北市中山區長安東路二段162號2樓,02-25160900,2640,台灣大車隊股份有限公司,大車隊,537550620,20050909,其他,資誠聯合會計師事務所,群益金鼎證券股份有限公司,林村田
42,(802)高雄市苓雅區海邊路31號3樓,07-9697997,2641,正德海運股份有限公司,正德,1511246420,19980929,航運業,資誠聯合會計師事務所,福邦證券股務代理部,蔡邦權
43,台北市內湖區瑞光路34號4樓,(02)8792-9658,2643,捷迅股份有限公司,捷迅,300000000,19840213,航運業,勤業眾信聯合會計師事務所,中國信託商業銀行代理部,顧城明
44,桃園市桃園區大興路269號,03-3251222,2718,晶悅國際飯店股份有限公司,晶悅,425760000,19770408,觀光事業,資誠聯合會計師事務所,富邦綜合證券股份有限公司,楊顯玲
45,台北市內湖區堤頂大道一段333號5樓,(02)2796-6168,2719,燦星國際旅行社股份有限公司,燦星旅,182721000,20030224,觀光事業,資誠聯合會計師事務所,元大證券股份有限公司,林技典
46,台北市中山區南京東路三段131號B1,(02)2712-7877,2724,富驛酒店集團有限公司,富驛-KY,681722900,20020115,觀光事業,德昌聯合會計師事務所,第一金證券股份有限公司,鍾聲揚
47,上海市普陀區交通路4711號李子園大廈17樓,2790 0601,2726,雅茗天地股份有限公司,雅茗-KY,349085430,20091222,觀光事業,勤業眾信聯合會計師事務所,中國信託商業銀行股份有限公司,吳伯超
48,新北市中和區建一路176號7樓之1,(02)2248-5228,2729,瓦城泰統股份有限公司,瓦城,232660000,20000908,觀光事業,資誠聯合會計師事務所,富邦綜合證券(股)公司,徐承義
49,新竹縣竹北市高鐵九路98號,03-6579630,2732,六角國際事業股份有限公司,六角,404060710,20040216,觀光事業,勤業眾信聯合會計師事務所,永豐金證券(股)公司股務代理部,王耀輝
50,台北市中正區衡陽路51號2樓之1,(02)6601-4600,2734,易飛網國際旅行社股份有限公司,易飛網,302597600,19991222,觀光事業,安侯建業聯合會計師事務所,中國信託商銀代理部,陳雄智
51,台東縣卑南鄉溫泉村龍泉路30-2號5樓之41,089-510063,2736,高野大飯店股份有限公司,高野,489923830,20080711,觀光事業,安侯建業聯合會計師事務所,元富證券股份有限公司股務代理部,劉清郎
52,台北市中正區衡陽路51號8樓之4,(02)2313-1261,2740,天蔥國際股份有限公司,天蔥,123979850,20070213,觀光事業,安侯建業聯合會計師事務所,統一綜合證券股份有限公司,盧俊賢
53,台北市中山區南京東路二段85號4樓,02-2536-1332,2743,山富國際旅行社股份有限公司,山富,320317000,19880525,觀光事業,勤業眾信聯合會計師事務所,福邦證券股份有限公司股務代理部,陳國森
54,"高雄市三民區博愛一路28號2,3樓",07-3230248,2745,五福旅行社股份有限公司,五福,293085260,19880822,觀光事業,勤業眾信聯合會計師事務所,台新國際商業銀行股務代理部,許順富
55,台北市中山區民權東路二段42號4樓,(02)2581-3918,2752,豆府股份有限公司,豆府,218728000,20080123,觀光事業,勤業眾信聯合會計師事務所,福邦證券股份有限公司,吳柏勳
56,新北市五股區五權六路十八號,02-22997765,2916,滿心企業股份有限公司,滿心,546268780,19840616,貿易百貨,安侯建業聯合會計師事務所,福邦證券(股)公司,李俊良
57,台北市南港區南港路三段50巷1號2樓,(02)2653-3388,2924,開曼東凌股份有限公司,東凌-KY,328051740,20090206,貿易百貨,勤業眾信聯合會計師事務所,凱基證券股份有限公司股務代理部,林寶霞
58,台北市信義區松德路204號B1,(02)6638-5268,2926,誠品生活股份有限公司,誠品生活,473896500,20050926,文化創意業,資誠聯合會計師事務所,元大證券(股)公司股務代理部,吳旻潔
59,台北市松山區南京東路三段337號12樓(D室),02-87122927,2928,紅馬集團股份有限公司,紅馬-KY,473011540,20110608,觀光事業,安侯建業聯合會計師事務所,兆豐證券股份有限公司股務代理部,周泰鳳
60,高雄市苓雅區中正一路263號12樓,07-7273983,2937,集雅社股份有限公司,集雅社,328600000,19941026,貿易百貨,資誠聯合會計師事務所,第一金證券股份有限公司,盧乾三
61,新北市三重區興德路111-1號10樓,(02)85110556,3064,泰偉電子股份有限公司,泰偉,841051410,20000802,文化創意業,安永聯合會計師事務所,元富證券股份有限公司,楊南平
62,新北市汐止區新台五路一段97號27樓,(02)26973658,3066,李洲科技股份有限公司,李洲,830706120,19740524,光電業,勤業眾信聯合會計師事務所,群益證券股份有限公司,李明順
63,台北市東興路59號9樓,(02)8768-3655,3067,全域股份有限公司,全域,290252400,19731122,其他電子業,國富浩華聯合會計師事務所,元大証券股份有限公司,王敏烈
64,屏東市橋南里工業六路東段六號,(07)2692011,3071,協禧電機股份有限公司,協禧,1100000000,19780719,電腦及週邊設備業,安永會計師事務所,統一綜合證券股份有限公司,黃瑞益
65,台北市中山區吉林路99號3樓,02-25817708,3073,天方能源科技股份有限公司,天方能源,247438950,19911022,半導體業,安侯建業聯合會計師事務所,兆豐證券股份有限公司股務代理部,甘正智
66,桃園市蘆竹區南崁路二段222號,03-2223111,3078,僑威科技股份有限公司,僑威,2273910640,19931005,電子零組件業,勤業眾信聯合會計師事務所,日盛證券股份有限公司股務代理部,潘君威
67,台南市善化區南科九路12號,(06)5055189,3081,聯亞光電工業股份有限公司,聯亞,909326770,19970602,通信網路業,安侯建業聯合會計師事務所,華南永昌綜合證券(股)公司,張景溢
68,台北市南港區南港路三段四十七巷二號四樓,02-2653-8905,3083,中華網龍股份有限公司,網龍,857043580,20000328,文化創意業,勤業眾信聯合會計師事務所,永豐金證券股份有限公司,王俊博
69,台北市大同區鄭州路87號7樓之1,(02)25591518,3085,創新新零售股份有限公司,新零售,310385770,19940901,電子商務,安永聯合會計師事務所,宏遠證券股份有限公司,聯合威碼股份有限公司
70,台北市內湖區堤頂大道二段407巷22號4樓之1,55590075,3086,華義國際數位娛樂股份有限公司,華義,134174000,19930812,文化創意業,勤業眾信聯合會計師事務所,台新國際商業銀行股務代理部,張協建
71,新北市汐止區南興路55號8樓,(02)8646-2555,3088,艾訊股份有限公司,艾訊,819000680,19900511,電腦及週邊設備業,資誠聯合會計師事務所,台新國際商業銀行股務代理部,楊裕德
72,台北市內湖區內湖路一段118號4樓,02-87971665,3089,元炬科研股份有限公司,元炬,601133140,19930121,電子零組件業,大師聯合會計師事務所,國票證券股份有限公司股務代理部,徐志明
73,台北市內湖區行愛路169號,2792-9768,3092,鴻碩精密電工股份有限公司,鴻碩,745627630,19911212,電子零組件業,資誠聯合會計師事務所,中國信託商業銀行代理部,張利榮
74,桃園市蘆竹區南崁路2段66號5樓之4,03-3524566,3093,台灣港建股份有限公司,港建,362888940,19770614,其他電子業,安永聯合會計師事務所,永豐金證券股份有限公司,何樹燦
75,新北市中和區建二路111號,(02)2225-6240,3095,及成企業股份有限公司,及成,1092763210,19730323,通信網路業,卓群聯合會計師事務所,中國信託商業銀行代理部,張正寬
76,桃園市龜山區華亞科技園區科技七路69號,03-327-5256,3105,穩懋半導體股份有限公司,穩懋,4240563840,19991016,半導體業,安侯建業會計師事務所,福邦證券股份有限公司股務代理部,陳進財
77,台北市松山區敦化南路一段25號6樓,02-25709888,3114,好德科技股份有限公司,好德,560000000,19780923,電子零組件業,安永聯合會計師事務所,元富證券股份有限公司,陳國鴻
78,台北市士林區承德路四段172號7樓,(02)28833393,3115,寶島極光股份有限公司,寶島極,436976000,19920813,電子零組件業,勤業眾信聯合會計師事務所,元富證券股份有限公司,高維屏
79,新北市汐止區康寧街169巷80號,02-26950403,3118,進階生物科技股份有限公司,進階,324528600,19891207,生技醫療業,安侯建業聯合會計師事務所,元大證券股份有限公司,邱春龍
80,(30288)新竹縣竹北市台元一街8號7樓之一,03-5601510,3122,笙泉科技股份有限公司,笙泉,382999340,19990621,半導體業,勤業眾信聯合會計師事務所,群益金鼎證券(股)公司股務代理部,溫國良
81,桃園市八德區長興路六七三號,03-3658688,3128,昇銳電子股份有限公司,昇銳,420000000,19870923,光電業,勤業眾信聯合會計師事務所,群益金鼎證券股份有限公司,江添貴
82,30095新竹市香山區中華路六段89號,03-5183560,3131,弘塑科技股份有限公司,弘塑,292160150,19930507,其他電子業,勤業眾信聯合會計師事務所,群益金鼎證券股份有限公司,張鴻泰
83,台北市內湖區瑞光路618號4樓,02-87978910,3141,晶宏半導體股份有限公司,晶宏,639174960,19990814,半導體業,勤業眾信聯合會計師事務所,福邦證券股份有限公司,徐豫東
84,高雄市路竹區路科二路8號,07-6955239,3144,新揚科技股份有限公司,新揚科,1006377500,20000602,電子零組件業,資誠聯合會計師事務所,永豐金證券股份有限公司,黃嘉能
85,高雄市左營區民族一路1163號,07-3458433,3147,大綜電腦系統股份有限公司,大綜,340060990,19911014,資訊服務業,資誠聯合會計師事務所,華南永昌綜合證券股份有限公司,李志忠
86,新竹縣湖口鄉新竹工業區自強路16號,(03)5987001,3152,璟德電子工業股份有限公司,璟德,690162000,19980415,通信網路業,安侯建業聯合會計師事務所,台新國際商業銀行股務代理部,雙德投資股份有限公司-代表人郭建文
87,桃園市新屋區社子里二鄰中興路936號,03-4870164,3162,精確實業股份有限公司,精確,1265313420,19911125,電機機械,勤業眾信會計師事務所,中國信託商業銀行代理部,鮑信宏
88,新竹科學園區工業東九路30號3樓,035630022,3163,波若威科技股份有限公司,波若威,752868990,19980518,通信網路業,資誠會計師事務所,凱基證券股份有限公司股務代理部,黃裕文
89,新竹科學園區新竹市新安路8號4樓,03-5639799,3169,亞信電子股份有限公司,亞信,544406500,19950512,半導體業,安侯建業聯合會計師事務所,宏遠證券股份有限公司,王春旗
90,臺北市內湖區行善路397號5樓,(02)87921311,3171,新洲全球股份有限公司,新洲,592035150,19901203,貿易百貨,資誠聯合會計師事務所,群益金鼎證券(股)公司股務代理部,江文容
91,台北市南港區園區街3號F棟14樓,[02]2785-6120,3176,基亞生物科技股份有限公司,基亞,1389855050,19991231,生技醫療業,資誠聯合會計師事務所,群益金鼎證券股務代理部,張世忠
92,814 高雄市仁武區五和里八德二路168號,07-3464392,3178,公準精密工業股份有限公司,公準,450500000,19780327,電機機械,資誠聯合會計師事務所,第一金證券股務代理部,蘇友欣
93,高雄市鼓山區明誠四路33號,(07)555-7882,3188,鑫龍騰開發股份有限公司,鑫龍騰,1202951200,20001124,建材營造,勤業眾信聯合會計師事務所,福邦證券股份有限公司,黃學藤
94,台北市中正區中華路一段7號6樓之8,02-23123082,3191,和進電子股份有限公司,和進,571947610,19911212,電子零組件業,卓群聯合會計師事務所,福邦證券股份有限公司股務代理部,黃綵彙
95,台北市南港區南港路3段50巷16號4F,27828879,3202,樺晟電子股份有限公司,樺晟,1171648700,19840324,電子零組件業,國富浩華聯合會計師事務所,元大證券股務代理部,魏孝秦
96,台北市南港區園區街3號10樓之6,02-26557066,3205,佰研生化科技股份有限公司,佰研,327726310,19980316,生技醫療業,安侯建業聯合會計師事務所,福邦證券股份有限公司股務代理部,陳樂維
97,新北市淡水區中正東路二段69-11號10樓,02-2809-7151,3206,志豐電子股份有限公司,志豐,539166210,19790724,電子零組件業,安侯建業聯合會計師事務所,永豐金證券股份有限公司,張演堂
98,新北市土城區忠承路95號10樓,02-22696759,3207,耀勝電子股份有限公司,耀勝,437703410,19920113,電子零組件業,勤業眾信聯合會計師事務所,褔邦證券股份有限公司股務代理部,蘇浩熙
99,桃園市龜山區文禾路188號13樓,(03)396-3116,3211,順達科技股份有限公司,順達,1474805210,19980715,電腦及週邊設備業,勤業眾信聯合會計師事務所,群益金鼎證券股份有限公司,鍾聰明
100,新北市深坑區北深路三段250號7樓,(02)2664-2662,3213,茂訊電腦股份有限公司,茂訊,586855470,19900315,電腦及週邊設備業,安侯建業聯合會計師事務所,群益金鼎證券股份有限公司,沈頤同
101,新竹市牛埔南路15之3號,03-5307048,3217,優群科技股份有限公司,優群,821042030,19870805,電子零組件業,眾智聯合會計師事務所,中國信託商業銀行代理部,王朝樑
102,台北市南港區園區街3-1號4樓,02-26557890,3218,大學光學科技股份有限公司,大學光,761230000,19940803,生技醫療業,勤業眾信聯合會計師事務所,福邦證券股份有限公司股務代理部,歐淑芳
103,台北市松山區南京東路五段188號7樓之8,2756-8321,3219,倚強股份有限公司,倚強,349839680,19920904,半導體業,勤業眾信聯合會計師事務所,永豐金證券股份有限公司股務部,張明杰
104,桃園市平鎮區工業二路三號,03-469-7532,3221,台灣嘉碩科技股份有限公司,台嘉碩,1023044100,19971110,通信網路業,勤業眾信聯合會計師事務所,凱基證券股份有限公司股務代理部,黃鈺同
105,新北市汐止區新台五路一段75號14樓之3,(02)2698-3344,3224,三顧股份有限公司,三顧,580160450,19980917,電子通路業,資誠聯合會計師事務所,康和綜合證券股份有限公司,胡立三
106,台南市新化區全興里竹子腳170號,(06)510-5391,3226,至寶光電股份有限公司,至寶電,644305730,19860913,電機機械,勤業眾信聯合會計師事務所,群益金鼎證券股份有限公司,林世淇
107,新竹科學園區新竹縣創新一路五號五樓,03-5794988,3227,原相科技股份有限公司,原相,1393962570,19980713,半導體業,安永聯合會計師事務所,宏遠證券股份有限公司,黃森煌
108,新竹市科學工業園區力行路2之1號6樓之1,03-5631498,3228,金麗科技股份有限公司,金麗科,677927050,19970820,半導體業,資誠聯合會計師事務所,永豐金證券股份有限公司,易建男
109,桃園市蘆竹區南崁里17鄰經國路890號8樓,03-3573258,3230,錦明實業股份有限公司,錦明,1077465240,19870501,光電業,資誠聯合會計師事務所,元大證券股份有限公司,蔡進財
110,新北市汐止區新台五路一段93號25樓之6,2659-3257,3232,昱捷股份有限公司,昱捷,365678650,19871214,電子通路業,資誠聯合會計師事務所,福邦證券股份有限公司股務代理部,蔡棟國
111,新竹科學工業園區新竹市展業一路21號,03-5780555,3234,光環科技股份有限公司,光環,759886920,19970901,通信網路業,資誠聯合會計師事務所,元大證券股份有限公司,劉勝先
112,桃園市楊梅區水美里楊湖路一段422號,03-4783855,3236,千如電機工業股份有限公司,千如,929208960,19790525,電子零組件業,勤業眾信聯合會計師事務所,中國信託商業銀行代理部,徐明恩
113,臺中市西區民龍里大和路22號3樓,04-23022911,3252,海灣國際開發(股)公司,海灣,501957540,19940719,觀光事業,安侯建業會計師事務所,福邦證券股份有限公司,劉至誠
114,新竹縣竹北市台元街22號5樓之一,03-5526560,3259,鑫創科技股份有限公司,鑫創,808595530,19981126,半導體業,安侯建業聯合會計師事務所,元富證券(股)公司,林俊宏
115,新北市中和區連城路258號18樓,02-8228-0887,3260,威剛科技股份有限公司,威剛,2275184200,20010504,半導體業,資誠聯合會計師事務所,康和綜合證券(股)公司股務代理部,陳立白
116,新竹縣湖口鄉勝利村工業三路3號,03-5971399,3264,欣銓科技股份有限公司,欣銓,4902591760,19991011,半導體業,資誠聯合會計師事務所,中國信託商業銀行代理部,盧志遠
117,新竹縣芎林鄉華龍村6鄰鹿寮坑176-5號,03-5935353,3265,台星科股份有限公司,台星科,1362616590,20000426,半導體業,資誠聯合會計師事務所,元大證券股份有限公司,黃興陽
118,台中市西屯區台灣大道四段925號14F-6,(04)2355-0022,3268,海德威電子工業股份有限公司,海德威,334262720,19910413,半導體業,資誠會計師事務所,台新國際商業銀行股務代理部,黃 (方方土) 芳
119,新北市新店區寶橋路235巷131號3樓之4,89191220,3272,東碩資訊股份有限公司,東碩,522649660,19930204,電腦及週邊設備業,資誠聯合會計師事務所,兆豐證券股份有限公司,曹賜正
120,桃園市平鎮區工業二路12號,03-4698277,3276,宇環科技股份有限公司,宇環,697126660,19991229,電子零組件業,安侯建業聯合會計師事務所,福邦證券股份有限公司,徐正民
121,高雄市大寮區大發工業區莒光二街20號,07-7870942,3284,太普高精密影像股份有限公司,太普高,559617900,19981021,其他,安永聯合會計師事務所,永豐金證券股份有限公司,王祈蓀
122,新北市汐止區康寧街169巷31號12樓,(02)2695-8625,3285,微端科技股份有限公司,微端,441093240,19950727,其他電子業,勤業眾信聯合會計師事務所,日盛證券股份有限公司,楊賢增
123,新北市中和區建二路113號6樓,(02)8221-6856,3287,廣寰科技股份有限公司,廣寰科,439704830,19990510,電腦及週邊設備業,勤業眾信聯合會計師事務所,永豐金證券股份有限公司,王忠傑
124,新竹科學工業園區新竹市展業一路9號4樓之3,03-5645626,3288,點晶科技股份有限公司,點晶,226600600,19961227,電子零組件業,勤業眾信聯合會計師事務所,群益金鼎證券股份有限公司,金際遠
125,新竹市埔頂路22號1樓,(03)6662793,3289,宜特科技股份有限公司,宜特,935751210,19940909,其他電子業,勤業眾信聯合會計師事務所,兆豐證券股務代理部,余維斌
126,台中市西區台灣大道二段307號4樓,(03)3232111,3290,東浦精密光電股份有限公司,東浦,995489260,19950308,電子零組件業,安侯建業聯合會計師事務所,凱基證券股份有限公司,戴建樟
127,新北市五股區五工路130號,(02)22901394,3293,鈊象電子股份有限公司,鈊象,704503900,19891110,文化創意業,勤業眾信聯合會計師事務所,群益金鼎證券(股)公司,李柯柱
128,新北市土城區自強街五號一樓,22687714,3294,英濟股份有限公司,英濟,1320159190,19911015,電子零組件業,安侯建業聯合會計師事務所,中國信託商業銀行代理部,徐文麟
129,新北市汐止區大同路二段171號9樓,(02)8692-6678,3297,杭特電子股份有限公司,杭特,368394450,19881128,光電業,資誠聯合會計師事務所,台新國際商業銀行股務代理部,鄭子釗
130,台南市麻豆區麻豆口1-13號,06-5702195,3303,岱稜科技股份有限公司,岱稜,960896070,19900829,其他電子業,安永聯合會計師事務所,福邦證券股務代理部,蔡國龍
131,桃園縣龜山鄉文化二路188號4樓,(03)396-0065,3306,鼎天國際股份有限公司,鼎天,506077020,19971223,通信網路業,安侯建業聯合會計師事務所,兆豐證券股份有限公司,蘇俊豪
132,桃園市大園區和平西路二段110號,03-3866238,3310,佳穎精密企業股份有限公司,佳穎,502252690,19880620,電子零組件業,安侯建業聯合會計師事務所,褔邦證券股份有限公司,林坡圳
133,高雄市岡山區中山北路28號6樓B室,07-6220807,3313,斐成企業股份有限公司,斐成,837707760,19931202,電子零組件業,資誠聯合會計師事務所,福邦證券股份有限公司股務代理部,楊清宗
134,新北市汐止區工建路368號12樓,(02)26495288,3317,尼克森微電子股份有限公司,尼克森,612515500,19981008,半導體業,安侯建業聯合會計師事務所,華南永昌綜合證券股份有限公司,楊惠強
135,新北市汐止區新台五路一段79號19樓,26982628,3322,建舜電子製造股份有限公司,建舜電,966515200,19770322,電子零組件業,安侯建業聯合會計師事務所,凱基證券股份有限公司,黃欽雄
136,桃園市龍潭區工五路128號,03-4897320,3323,加百裕工業股份有限公司,加百裕,833059140,19971120,電腦及週邊設備業,安侯建業聯合會計師事務所,中國信託商業銀行代理部,黃世明
137,新北市新莊區五權三路6號3樓,02-89904129,3324,雙鴻科技股份有限公司,雙鴻,865453130,19980824,其他電子業,資誠聯合會計師事務所,台新國際商業銀行股務代理部,林育申
138,新北市三重區興德路98號11樓,2999-8825,3325,旭品科技股份有限公司,旭品,746345790,19960426,電腦及週邊設備業,勤業眾信聯合會計師事務所,華南永昌綜合證券股務代理部,蕭奕彰
139,台北市大安區信義路四段306號14樓,27059083,3332,幸康電子股份有限公司,幸康,481042460,19910213,電子零組件業,資誠聯合會計師事務所,中國信託商業銀行代理部,周世軒
140,南投縣南投市自強三路18號,049-2261634,3339,泰谷光電科技股份有限公司,泰谷,961814420,20000531,光電業,安侯建業聯合會計師事務所,福邦證券股份有限公司,葉寅夫
141,台南市善化區南科九路8號,(06)5050672,3354,律勝科技股份有限公司,律勝,701124260,19961205,電子零組件業,資誠聯合會計師事務所,台新國際商業銀行股務代理部,黃堂傑
142,台北市內湖區洲子街76號6樓,02-8797-6678,3360,尚立股份有限公司,尚立,688310540,19850406,電子通路業,勤業眾信聯合會計師事務所,群益金鼎證券股份有限公司,簡剛民
143,台中市大雅區科雅路33號2樓,04-25658008,3362,先進光電科技股份有限公司,先進光,1115458800,19861119,光電業,資誠聯合會計師事務所,元富證券股份有限公司,高維亞
144,新竹市科學工業園區展業二路十八號,03-5644732,3363,上詮光纖通信股份有限公司,上詮,905958480,19950614,通信網路業,資誠聯合會計師事務所,台新銀行股務代理部,張立秋
145,高雄市高雄加工出口區南二路一號,07-8159411,3372,台灣典範半導體股份有限公司,典範,1721000000,19980714,半導體業,資誠聯合會計師事務所,元大證券股份有限公司股務代理部,束崇萬
146,新竹科學園區新竹縣工業東九路三號一樓,03-5644170,3373,熱映光電股份有限公司,熱映,432898010,20000628,其他電子業,勤業眾信聯合會計師事務所,兆豐證券股份有限公司股務代理部,周至元
147,(32062)桃園市中壢區吉林路23號9樓,(03)461-5624,3374,精材科技股份有限公司,精材,2713643160,19980911,半導體業,勤業眾信聯合會計師事務所,台新國際商業銀行股份有限公司,陳家湘
148,台北市內湖區瑞光路208號5樓,(02)8751-2098,3379,彬台科技股份有限公司,彬台,380417480,19810407,電機機械,勤業眾信聯合會計師事務所,中國信託商業銀行代理部,洪振攀
149,台北市大安區市民大道4段102號14樓,02-27517979,3388,崇越電通股份有限公司,崇越電,740610000,19940205,電子零組件業,安侯建業會計師事務所,台新國際商業銀行股務代理部,潘振成
150,桃園市龜山區南上路522號,03-2220997,3390,旭軟電子科技股份有限公司,旭軟,675050590,19981012,電子零組件業,致遠聯合會計師事務所,凱基證券(股)公司,林於晃
151,新竹市東華路14號8樓之1,03-5210028,3402,漢科系統科技股份有限公司,漢科,730476920,19900808,其他電子業,勤業眾信聯合會計師事務所,群益金鼎證券股份有限公司,溫永宏
152,桃園市平鎮區平鎮工業區工業六路4號,(03)469-9555,3426,台興電子企業股份有限公司,台興,264000000,19840616,電機機械,勤業眾信聯合會計師事務所,元大證券股份有限公司,林萬興
153,桃園市蘆竹區大興路20巷21弄11號,03-3233355,3434,哲固資訊科技股份有限公司,哲固,227000000,19930505,光電業,資誠聯合會計師事務所,群益證券股份有限公司,簡豊連
154,新竹縣竹北市台元科技園區台元二街1號7樓之1,03-6209598,3438,台灣類比科技股份有限公司,類比科,673797350,19990325,半導體業,資誠聯合會計師事務所,日盛證券股份有限公司,吳錦川
155,南投縣草屯鎮稻香路6-4號,049-2367987,3441,聯一光學工業股份有限公司,聯一光,400399200,19840327,光電業,勤業眾信會計師事務所,福邦證券股份有限公司,陳忠政
156,台中市西屯區台灣大道四段767號5樓之5,(04)23588968,3444,利機企業股份有限公司,利機,391145860,19930507,電子通路業,勤業眾信聯合會計師事務所,永豐金證券股份有限公司,張坤祥
157,新北市中和區連城路268號10樓之1,02-8226-9822,3455,由田新技股份有限公司,由田,614687500,19920523,光電業,安侯建業聯合會計師事務所,元富證券股份有限公司股務代理部,鄒嘉駿
158,台北市萬華區長沙街二段91號2樓之一,02-23122698,3465,進泰電子科技股份有限公司,進泰電子,321603350,19930409,電子零組件業,資誠聯合會計師事務所,兆豐證券股務代理部,邢家蓁
159,新北市三重區興德路123-1號8樓,02-85123086,3466,致振企業股份有限公司,致振,608875730,19820323,通信網路業,安侯建業聯合會計師事務所,元富證券股份有限公司,吳振乾
160,新北市中和區連城路228號7樓,(02)66218551,3479,安勤科技股份有限公司,安勤,701941640,20000719,電腦及週邊設備業,安侯建業聯合會計師事務所,台新國際商業銀行股務代理部,劉琍綺
161,新竹縣竹北市新泰路31號2樓,03-5512039,3483,力致科技股份有限公司,力致,610273600,19971113,電腦及週邊設備業,勤業眾信聯合會計師事務所,中國信託商業銀行代理部,饒振奇
162,桃園市桃園區經國路888號7F之2之3,03-3162166,3484,崧騰企業股份有限公司,崧騰,697365570,19920822,電子零組件業,勤業眾信聯合會計師事務所,中國信託商業銀行代理部,張俊雲
163,桃園市蘆竹區南崁里民權路50號,(03)316-4277,3489,森寶開發股份有限公司,森寶,831306700,19910608,建材營造,資誠聯合會計師事務所,群益金鼎證券(股)公司股務代理部,簡正德
164,新北市土城區中山路77號,02-22686351,3490,單井工業股份有限公司,單井,570064350,19890720,光電業,德昌聯合會計師事務所,永豐金證券股份有限公司,王祥亨
165,基隆市七堵區工建路1號(六堵科技園區),(02)2452-7722,3491,昇達科技股份有限公司,昇達科,607178620,19990907,通信網路業,勤業眾信聯合會計師事務所,群益金鼎證券股份有限公司,陳淑敏
166,251新北市淡水區中正東路二段69號10樓,(02)28097786,3492,長盛科技股份有限公司,長盛,355316000,19940426,電子零組件業,安侯建業聯合會計師事務所,亞東證券股份有限公司,尚元良
167,桃園市大園區溪海里8鄰聖德北路68號,03-3851407,3498,陽程科技股份有限公司,陽程,641730080,19810407,其他電子業,勤業眾信聯合會計師事務所,福邦證券股份有限公司,黃秋逢
168,新北市中和區建一路186號16樓,(02)8226-3899,3499,環天世通科技股份有限公司,環天科,549705960,20000501,通信網路業,勤業眾信聯合會計師事務所,元大證券股務代理部,陳賢哲
169,桃園市楊梅區高山里5鄰高青路26號,03-4641621,3508,位速科技股份有限公司,位速,1022677370,20010904,其他電子業,安侯建業聯合會計師事務所,元大證券股份有限公司,廖世文
170,桃園市桃園區中正路1351號14樓,(03)301-0100,3511,矽瑪科技股份有限公司,矽瑪,799729450,20031215,電子零組件業,安永聯合會計師事務所,福邦證券股份有限公司股務代理部,黃文芳
171,台北市信義區松德路171號16樓之2,(02)2727-1120,3512,皇龍開發股份有限公司,皇龍,710000000,19920608,電子零組件業,安侯建業聯合會計師事務所,台新國際商業銀行股務代理部,陳文宏
172,桃園市八德區白鷺里廣福路858號,033768382,3516,亞帝歐光電股份有限公司,亞帝歐,505902160,19911129,光電業,安永聯合會計師事務所,中國信託商業銀行代理部,廖書尉
173,台北巿內湖區瑞光路 192號4樓之1,02-27970123,3520,振維電子股份有限公司,振維,488467780,19860221,電子零組件業,安侯建業聯合會計師事務所,國票綜合證券(股)公司股務代理部,魏良全
174,新北市中和區建一路186號10樓,82272330,3521,鴻翊國際股份有限公司,鴻翊,467305750,19860307,電腦及週邊設備業,勤業眾信聯合會計師事務所,永豐金證券股份有限公司,林泉湧
175,新北市中和區中山路二段351號2樓之3,2226-5029,3522,御頂國際股份有限公司,御頂,726000000,20010926,觀光事業,國富浩華聯合會計師事務所,群益金鼎證券股份有限公司,李日東
176,台南市安南區本田路二段391號,(06)3841515,3523,迎輝科技股份有限公司,迎輝,880497800,19980115,光電業,安永聯合會計師事務所,台新國際商業銀行股務代理部,唐以鄰
177,台灣省新北市中和區中山路三段102號3樓,02  22250882,3526,凡甲科技股份有限公司,凡甲,652970670,19981106,電子零組件業,勤業眾信會計師事務所,元大證券(股)公司股務代理部,游萬益
178,新竹市埔頂路18號3樓之5之6,03-6100086,3527,聚積科技股份有限公司,聚積,409451250,19990625,半導體業,勤業眾信聯合會計師事務所,元大證券股份有限公司,楊立昌
179,新竹縣竹北市台元一街5號8樓(通訊地址),03-5601169,3529,力旺電子股份有限公司,力旺,758335420,20000902,半導體業,勤業眾信聯合會計師事務所,凱基證券股份有限公司股務代理部,徐清祥
180,台中市南屯區工業24路22號,04-23599692,3531,先益電子工業股份有限公司,先益,611750110,19791011,光電業,安侯建業聯合會計師事務所,永豐金證券股份有限公司,鄧嘉文
181,台北市中山區中山北路2段129號10樓,02-25236363,3537,堡達實業股份有限公司,堡達,486952200,19870814,電子零組件業,安侯建業會計師事務所,華南永昌綜合證券股務代理部,黃德聰
182,台北市內湖區堤頂大道二段185號5樓,02-8797-8055,3540,曜越科技股份有限公司,曜越,666130440,19991130,電腦及週邊設備業,眾智聯合會計師事務所,永豐金證券股份有限公司,林培熙
183,新北市中和區建康路130號6樓之5,02-22269587,3541,西柏科技股份有限公司,西柏,493210870,19910123,其他電子業,富鋒聯合會計師事務所,日盛證券股份有限公司,蔡正義
184,新北市中和區建八路2號17樓之8,02-82269918,3546,宇峻奧汀科技股份有限公司,宇峻,417479170,19950519,文化創意業,勤業眾信會計師事務所,群益金鼎證券股份有限公司,劉信
185,新北市新莊區五工五路十三號,02-22901260,3548,兆利科技工業股份有限公司,兆利,601213980,20040707,電子零組件業,安侯建業聯合會計師事務所,永豐金證券(股)公司股務代理部,劉光華
186,新竹縣湖口鄉仁政路18號,035986415,3551,世禾科技股份有限公司,世禾,567748900,19970623,其他電子業,勤業眾信聯合會計師事務所,台新國際商業銀行股務代理部,陳學聖
187,桃園市蘆竹區南青路1156巷9號,(03)322-6281,3552,同致電子企業股份有限公司,同致,855929490,19791207,其他電子業,資誠聯合會計師事務所,中國信託商業銀行股份有限公司,陳信忠
188,新北市中和區連城路258號4樓之7,02-8227-2067,3555,重鵬生技股份有限公司,重鵬,355500000,20030925,半導體業,資誠聯合會計師事務所,康和綜合證券股份有限公司,周康記
189,台北市內湖區瑞光路302號11樓,(02)2797-8808,3556,禾瑞亞科技股份有限公司,禾瑞亞,594686750,20020912,半導體業,安侯建業,中國信託商業銀行代理部,唐錦榮
190,桃園市龜山區復興三路500號,03-3962222,3558,神準科技股份有限公司,神準,490608810,20061012,通信網路業,資誠聯合會計師事務所,富邦綜合證券股份有限公司,蔡文河
191,(22183)新北市汐止區大同路二段133號9樓,(02)86926655,3564,其陽科技股份有限公司,其陽,591231000,20001024,通信網路業,勤業眾信會計師事務所,群益金鼎證券股份有限公司,李昌鴻
192,新竹縣竹北市新泰路35號4樓之1,03-6565732,3567,逸昌科技股份有限公司,逸昌,341270000,20000907,半導體業,勤業眾信聯合會計師事務所,日盛證券股份有限公司股務代理部,郭嘯華
193,新北市板橋區縣民大道二段68號6樓,(02)8964-6667,3570,大塚資訊科技股份有限公司,大塚,170970000,19970804,資訊服務業,安侯建業聯合會計師事務所,永豐金證券股份有限公司,鶴見裕信
194,新竹縣湖口鄉光復北路111號(新竹工業區),03-5973733,3577,泓格科技股份有限公司,泓格,528641770,19930806,電腦及週邊設備業,資誠聯合會計師事務所,台新國際商業銀行股務代理部,葉&#24316;&#24312;
195,桃園市蘆竹區長興里厚生路51號6樓,(03)2126202,3580,友威科技股份有限公司,友威科,394706570,20021104,其他電子業,勤業眾信聯合會計師事務所,中國信託商業銀行代理部,李原吉
196,(304)新竹縣新豐鄉精工路53號,03-5577766,3581,博磊科技股份有限公司,博磊,510060000,19990409,半導體業,日正聯合會計師事務所,富邦綜合證券股份有限公司,李篤誠
197,新竹縣竹北市台元街26-2號1F,03-5630777,3587,閎康科技股份有限公司,閎康,623131570,20020514,其他電子業,勤業眾信聯合會計師事務所,富邦綜合證券股份有限公司,謝詠芬
198,新北市中和區中正路700號10樓,02-82269398,3594,磐儀科技股份有限公司,磐儀,642275020,19931019,電腦及週邊設備業,資誠聯合會計師事務所,福邦證券股份有限公司股務代理部,李明
199,台中市南屯區工業區19路10號,04-23581828,3597,映興電子股份有限公司,映興,351461500,19861129,電子零組件業,資誠聯合會計師事務所,華南永昌綜合證券股份有限公司,賴柄源
200,台中市南屯區精科七路20號,04-35009327,3609,東林科技股份有限公司,東林,303393870,20020422,電子零組件業,資誠聯合會計師事務所,宏遠證券股份有限公司,高明仁
201,新北市新店區民權路95號9樓,02-22185678,3611,鼎翰科技股份有限公司,鼎翰,424769400,20070319,電腦及週邊設備業,勤業眾信聯合會計師事務所,中國信託商業銀行代理部,王秀亭
202,新竹縣湖口鄉光復北路10號,03-5978070,3615,安可光電股份有限公司,安可,684669760,20070928,光電業,安永聯合會計師事務所,台新國際商業銀行股務代理部,葉垂景
203,桃園巿龜山區華亞三路50號6樓之1,03-397-8855,3623,富晶通科技股份有限公司,富晶通,292095710,20001127,光電業,資誠聯合會計師事務所,凱基證券股份有限公司,翁明顯
204,新竹縣湖口鄉光復北路70號,035972935,3624,光頡科技股份有限公司,光頡,1173408420,19971001,電子零組件業,資誠聯合會計師事務所,宏遠證券股份有限公司,蔡高明
205,新北市新莊區中正路665號5樓,(02)29047699,3625,西勝國際股份有限公司,西勝,820960020,19960523,電腦及週邊設備業,勤業眾信聯合會計師事務所,兆豐證券股份有限公司股務代理部,黃宗偉
206,新北市新店區寶高路7巷3號1樓,02-29148126,3628,盈正豫順電子股份有限公司,盈正,450000000,19980427,其他電子業,資誠聯合會計師事務所,富邦綜合證券股務代理部,許文
207,台北市信義區松德路74號6樓,02-27470976,3629,地心引力股份有限公司,地心引力,322024550,20010911,光電業,安侯建業聯合會計師事務所,群益金鼎證券(股)公司股務代理部,陳寬聰
208,台中市外埔區甲東路37號,04-26864015,3630,新鉅科技股份有限公司,新鉅科,1849138480,19990830,光電業,安侯建業聯合會計師事務所,元大證券股份有限公司,鄭勝全
209,桃園市龜山區鄉萬壽路一段161號18樓之1,(02)8200-3193,3631,晟楠科技股份有限公司,晟楠,799209090,19840410,電子零組件業,國富浩華聯合會計師事務所,永豐金證券(股)公司股務代理部,林朝榮
210,臺北市內湖區港墘路200號4樓,02-87511323,3632,研勤科技股份有限公司,研勤,580897380,20010910,通信網路業,勤業眾信聯合會計師事務所,台新國際商業銀行股務代理部,簡良益
211,台北市內湖區新湖三路196號3樓,(02)2267-8154,3642,駿熠電子科技股份有限公司,駿熠電,343686420,19890919,其他電子業,大師聯合會計師事務所,康和綜合證券(股)公司股務代理部,廖忠雄
212,台北市內湖區堤頂大道二段301號5樓,26589166,3646,艾恩特精密工業股份有限公司,艾恩特,392973710,19990311,電子零組件業,勤業眾信聯合會計師事務所,永豐金證券股份有限公司,陳明仁
213,新北市新店區寶橋路235巷136號5樓,(02)29113818,3652,精聯電子股份有限公司,精聯,470975000,20080115,電腦及週邊設備業,安永聯合會計師事務所,台新國際商業銀行股務代理部,葉國筌
214,高雄市路竹區路科八路1號 ( 通訊地址 ),07-6955205,3663,鑫科材料科技股份有限公司,鑫科,734980570,20000329,其他電子業,勤業眾信聯合會計師事務所,凱基證券股份有限公司股務代理部,黃重嘉
215,"190 Elgin Avenue, George Town, Grand Cayman  KY1-9005",1-4082408754,3664,安瑞科技股份有限公司,安瑞-KY,510983320,20081219,通信網路業,勤業眾信,中國信託商業銀行代理部,沈以峰
216,(30078)新竹科學工業園區新竹市力行六路一號三樓,03-5776680,3666,光耀科技股份有限公司,光耀,482996000,20040713,光電業,勤業眾信聯合會計師事務所,宏遠證券股份有限公司,郭維斌
217,新北市汐止區新台五路一段79號18F-6,02-26989662,3672,康聯訊科技股份有限公司,康聯訊,326683750,19981006,通信網路業,勤業眾信聯合會計師事務所,群益金鼎證券股份有限公司,陳友信
218,新北市深坑區北深路三段155巷17號6樓,(02)2662-0033,3675,德微科技股份有限公司,德微,444282500,19950816,半導體業,勤業眾信聯合會計師事務所,凱基證券股份有限公司,張恩傑
219,新北市土城區中央路4段2號9樓之5,02-2269-1943,3680,家登精密工業股份有限公司,家登,740605820,19980320,半導體業,勤業眾信會計師事務所,凱基證券股份有限公司,邱銘乾
220,23145新北市新店區寶橋路233-2號8F,(02)2910-6546,3684,榮昌科技股份有限公司,榮昌,245915360,19950612,通信網路業,資誠聯合會計師事務所,台新國際商業銀行股務代理,陳家榮
221,台中市西屯區朝富路213號4樓之7,04-22593685,3685,元創精密車業股份有限公司,元創精密,799900000,19830927,光電業,安侯建業聯合會計師事務所,宏遠證券股份有限公司,江凱量
222,台北市南港區三重路19-2號D棟7樓之1,02-26550051,3687,茂為歐買尬數位科技股份有限公司,歐買尬,300595720,19991018,文化創意業,勤業眾信聯合會計師事務所,台新國際商業銀行股務代理部,林雪慧
223,桃園市蘆竹區內溪路68巷13號2樓,03-3246611,3689,湧德電子股份有限公司,湧德,696758070,20050318,電子零組件業,勤業眾信聯合會計師事務所,台新國際商業銀行股務代理部,陳伯榕
224,新竹縣湖口鄉工業一路3號1樓,03-5978258,3691,碩禾電子材料股份有限公司,碩禾,636750360,20030711,光電業,勤業眾信聯合會計師事務所,兆豐證券股份有限公司股務代理部,陳繼明
225,(338)桃園市蘆竹區大興路20巷19弄9號,(03)313-8377,3693,營邦企業股份有限公司,營邦,384906940,19960503,電腦及週邊設備業,勤業眾信會計師事務所,元大證券股份有限公司,梁順營
226,新竹市東區埔頂路18號9F-3 德安科技大樓,035776289,3707,漢磊先進投資控股股份有限公司,漢磊,2960365970,20141001,半導體業,資誠聯合會計師事務所,凱基證券股份有限公司,徐建華
227,台北市內湖區堤頂大道2段489號8樓,02-5568-7001,3709,鑫聯大投資控股股份有限公司,鑫聯大投控,795694500,20170901,電腦及週邊設備業,資誠聯合會計師事務所,群益金鼎證券股份有限公司,黃偉祥
228,新北市新店區寶興路45巷9弄2號3樓,02-29156703,3710,連展投資控股股份有限公司,連展投控,2072907210,20171229,電子零組件業,資誠聯合會計師事務所,統一綜合證券股份有限公司,林肇聰
229,新竹縣竹北市復興二路193號3樓之一,03-6580981,3713,新晶投資控股股份有限公司,新晶投控,780900000,20200227,光電業,勤業眾信聯合會計師事務所,富邦證券股份有限公司,資三德
230,台中市大甲區日南里幼獅路59、61號,04-26821007,4102,永日化學工業股份有限公司,永日,423734430,19780608,生技醫療業,資誠聯合會計師事務所,元大證券股份有限公司,李其澧
231,台北市南港區園區街3-1號3樓,2652-5982,4105,台灣東洋藥品工業股份有限公司,東洋,2486499590,19600722,生技醫療業,安侯建業聯合會計師事務所,群益金鼎證券股份有限公司,林全
232,台北市104中山區長安東路一段23號5樓之6,(02)25710213,4107,邦特生物科技股份有限公司,邦特,692983360,19911113,生技醫療業,安侯建業聯合會計師事務所,統一綜合證券股份有限公司,蔡宗禮
233,高雄市三民區九如一路61號3樓,07-3952823,4109,加捷生醫股份有限公司,加捷生醫,689366810,19950506,生技醫療業,資誠聯合會計師事務所,元大證券股份有限公司,金智宏投資有限公司
234,新竹縣湖口鄉實踐路3號,(03)5982855,4111,濟生醫藥生技股份有限公司,濟生,569829850,19621006,生技醫療業,安永聯合會計師事務所,元大證券股份有限公司,蘇東茂
235,高雄市左營區富國路185號17樓之2,07-5575133,4113,聯上實業股份有限公司,聯上,2111381370,19980211,建材營造,廣信益群聯合會計師事務所,元大證券股份有限公司,蘇永義
236,台北市內湖區內湖路1段396號11樓,(02)8797-2746,4114,健喬信元醫藥生技股份有限公司,健喬,2441685260,19700825,生技醫療業,勤業眾信聯合會計師事務所,元大證券股份有限公司,林智暉
237,台北市內湖區洲子街46號7樓,02-87975189,4116,明基三豐醫療器材股份有限公司,明基醫,445660000,19890321,生技醫療業,安侯建業聯合會計師事務所,中國信託商業銀行股份有限公司,陳其宏
238,台北市大安區復興南路一段368號7樓,27024324,4120,友華生技醫藥股份有限公司,友華,867471190,19820616,生技醫療業,勤業眾信聯合會計師事務所,康和綜合證券股份有限公司,蔡正弘
239,北市內湖區港墘路189號12樓,(02)26597666,4121,優盛醫學科技股份有限公司,優盛,733167640,19881102,生技醫療業,安侯建業聯合會計師事務所,元大證券股份有限公司股務代理部,劉志平
240,台北市南港區園區街3之2號7樓,26558380,4123,晟德大藥廠股份有限公司,晟德,4213230570,19591104,生技醫療業,富鋒聯合會計師事務所,群益金鼎證券股務代理部,林榮錦
241,苗栗縣銅鑼鄉自強路19號,02-28978282,4126,太平洋醫材股份有限公司,太醫,660152160,19770806,生技醫療業,勤業眾信聯合會計師事務所,福邦證券股份有限公司,鍾安婷
242,新北市汐止區大同路一段147號9樓,02-26475179,4127,天良生物科技企業股份有限公司,天良,457600000,19710422,生技醫療業,正風聯合會計師事務所,台新國際商業銀行股務代理部,沈錫聰
243,台北市南港區園區街3號14樓之1,02-26558559,4128,中天生物科技股份有限公司,中天,4253426500,20000503,生技醫療業,勤業眾信聯合會計師事務所,兆豐證券股份有限公司,黃山內
244,新竹市科學工業園區園區二路57號,(03)577-7156,4129,聯合骨科器材股份有限公司,聯合,904208470,19930305,生技醫療業,安永聯合會計師事務所,日盛證券股份有限公司,林延生
245,新竹縣湖口鄉新竹工業區工業一路一號,03-5982804,4130,健亞生物科技股份有限公司,健亞,1058149000,19930324,生技醫療業,資誠聯合會計師事務所,群益金鼎證券股份有限公司,陳正
246,台中市太平區大里工業區工業19路6號四樓,037-585586,4131,晶宇生物科技實業股份有限公司,晶宇,482919340,19981022,生技醫療業,安永聯合會計師事務所,富邦證券股份有限公司,楊文通
247,新北市中和區中正路872號4樓之1,(02)2221-6394,4138,曜亞國際股份有限公司,曜亞,300000000,20031009,生技醫療業,安侯建業聯合會計師事務所,統一綜合證券(股)公司,傅輝東
248,"3rd Floor, Harbour Centre, PO BOX 613, George Town",(07)555-4035,4139,馬光保健控股股份有限公司,馬光-KY,419624370,20090714,生技醫療業,安永聯合會計師事務所,日盛證券股份有限公司,黃章益
249,台北市內湖區瑞光路607號3樓,(02)26586058,4147,中裕新藥股份有限公司,中裕,2521980000,20070905,生技醫療業,勤業眾信聯合會計師事務所,元富證券股份有限公司,張念原
250,台北市南港區園區街3號11樓之1,26557079,4152,台灣微脂體股份有限公司,台微體,741889340,19971110,生技醫療業,資誠聯合會計師事務所,永豐金證券股份有限公司,洪基隆
251,新北市中和區中山路2段351號9樓,(02)22262423,4153,鈺緯科技開發股份有限公司,鈺緯,743665740,19950411,生技醫療業,勤業眾信聯合會計師事務所,富邦綜合證券股份有限公司,陳國森
252,"Intertrust Corporate Services (Cayman) Limited, 190 Elgin Av",65-6746-7333,4154,康樂股份有限公司,康樂-KY,243260000,20100809,生技醫療業,建昇財稅聯合會計師事務所,中國信託商業銀行代理部,蘇聰儒
253,中華民國台灣台北市內湖區新明路138號7樓,0227963606,4157,太景醫藥研發控股股份有限公司,太景*-KY,20910281,20050915,生技醫療業,勤業眾信聯合會計師事務所,永豐金證券股份有限公司,黃國龍
254,台北市內湖區新湖一路36巷28號6樓,(02)2793-8009,4160,創源生物科技股份有限公司,創源,242470160,20081121,生技醫療業,安永聯合會計師事務所,中國信託商業銀行(股)公司代理部,張漢東
255,350苗栗縣竹南鎮公館里中華南路188號,037-620997,4161,聿新生物科技股份有限公司,聿新科,526597360,19990601,生技醫療業,資誠聯合會計師事務所,群益金鼎證券股份有限公司,楊金昌
256,台北市民生東路3段10號11樓,02-25157558,4162,智擎生技製藥股份有限公司,智擎,1466668400,20020812,生技醫療業,資誠聯合會計師事務所,元大證券股份有限公司,孫致中
257,台中市南屯區文山里精科路9號,04-23503906,4163,鐿鈦科技股份有限公司,鐿鈦,402417870,20041021,生技醫療業,勤業眾信聯合會計師事務所,台新國際商業銀行(股)公司,蔡永芳
258,350新竹科學工業園區苗栗縣竹南鎮科中路29號,037-580200,4167,展旺生命科技股份有限公司,展旺,2679982110,20040130,生技醫療業,資誠聯合會計師事務所,宏遠證券股份有限公司股務代理部,漢友財務管理顧問股份有限公司代表人李香雲
259,新北市汐止區新台五路一段97號8樓,(02)2697-1168,4168,台灣醣聯生技醫藥股份有限公司,醣聯,819109560,20010201,生技醫療業,資誠聯合會計師事務所,福邦證券股份有限公司股務代理部,張東玄
260,407台中市西屯區中部科學園區科園二路19號,04-24638255,4171,瑞基海洋生物科技股份有限公司,瑞基,405900000,20041112,農業科技,安侯建業聯合會計師事務所,富邦綜合證券股務代理部,劉正忠
261,新北市中和區中正路872號7樓之1,(02)2222-6171,4173,久裕企業股份有限公司,久裕,445743550,19800602,生技醫療業,安侯建業聯合會計師事務所,統一綜合證券(股)公司,傅輝東
262,(11503)台北市南港區園區街3號19樓,(02)2655-8798,4174,台灣浩鼎生技股份有限公司,浩鼎,1881286740,20020429,生技醫療業,資誠聯合會計師事務所,元富證券股份有限公司,張念慈
263,(33375)桃園市龜山區復興一路94號1、2樓,(03)3285892,4175,杏一醫療用品股份有限公司,杏一,316123750,19920507,生技醫療業,勤業眾信聯合會計師事務所,富邦綜合證券股份有限公司,陳麗如
264,(30077)新竹科學園區新竹縣研發三路8號,03-6686866,4183,福永生物科技股份有限公司,福永生技,238000000,20021022,生技醫療業,勤業眾信聯合會計師事務所,台新國際商業銀行股務代理部,郭鳳琳
265,台北市復興北路167號3樓,02-27152181,4188,安克生醫股份有限公司,安克,532214000,20081226,生技醫療業,安永聯合會計師事務所,福邦證券股份有限公司,李成家
266,宜蘭縣冬山鄉中山村中山路84號,(02)2763-3307,4192,杏國新藥股份有限公司,杏國,973670000,20080626,生技醫療業,國富浩華聯合會計師事務所,永豐金證券股務代理部,李志文
267,台北市內湖區新湖一路85號7樓,(02)8792-1898,4198,環瑞醫投資控股股份有限公司,環瑞醫,655400000,20130107,生技醫療業,資誠聯合會計師事務所,中國信託商業銀行代理部,李沛霖
268,高雄市大樹區龍目路110-6號,07-6518667,4205,中華食品實業股份有限公司,中華食,807018420,19800508,食品工業,資誠聯合會計師事務所,統一綜合證券股份有限公司,陳民權
269,桃園市蘆竹區南崁路265號5樓,03-3222493,4207,環泰企業股份有限公司,環泰,1729288320,19840725,食品工業,勤業眾信聯合會計師事務所,亞東證券股份有限公司,康永明
270,台南市學甲區華宗路121號,06-7821514,4303,信立化學工業股份有限公司,信立,700000000,19730612,塑膠工業,資誠會計師事務所,日盛證券股份有限公司股務代理部,林敬隆
271,台北市內湖區港漧路221巷33號8樓,26571375,4304,勝昱科技股份有限公司,勝昱,360380650,19821203,塑膠工業,立本台灣聯合會計師事務所,元大證券股份有限公司,林國瑞
272,台南市麻豆區麻口里麻豆口32-26號,06-5701213,4305,世坤塑膠股份有限公司,世坤,550140000,19861007,塑膠工業,資誠聯合會計師事務所,群益金鼎證券股份有限公司,林璋賦
273,新北市板橋區三民路二段31號19樓,2954-1028,4401,東隆興業股份有限公司,東隆興,1202862860,19610814,紡織纖維,大師聯合會計師事務所,中國信託商業銀行代理部,游志成
274,台中市梧棲區四維中路157巷一號一樓,04-26391759,4402,福大材料科技股份有限公司,福大,459918300,19700403,紡織纖維,卓群聯合會計師事務所,福邦證券股份有限公司,楊燈霖
275,台北市長安西路289號10樓之4,2550-4492,4406,新昕纖維股份有限公司,新昕纖,519120000,19800429,紡織纖維,安侯建業聯合會計師事務所,群益金鼎證券股份有限公司,莊育霖
276,台北市中山區南京東路二段二號六樓,(02)25637236,4413,飛寶企業股份有限公司,飛寶企業,313146890,19871030,紡織纖維,廣信益群聯合會計師事務所,台新國際商業銀行股務代理部,林資益
277,(104)台北市南京東路二段96號8樓,(02)2561-3994,4416,三圓建設股份有限公司,三圓,600156120,19791230,建材營造,集智聯合會計師事務所,元大證券股份有限公司,王光祥
278,屏東縣新園鄉港西村興安路12號,(07)535-2936,4417,金洲海洋科技股份有限公司,金洲,839713990,19731224,紡織纖維,勤業眾信聯合會計師事務所,凱基證券股份有限公司,陳加仁
279,彰化縣北斗鎮拓農路199號,04-8871815,4419,元勝國際實業股份有限公司,元勝,355789170,19910907,紡織纖維,立本台灣聯合會計師事務所,群益金鼎證券股務代理部,啟基投資股份有限公司
280,台北市內湖區瑞光路607號7樓,(02)8797-8898,4420,光明絲織廠股份有限公司,光明,404550000,19660622,紡織纖維,安侯建業聯合會計師事務所,福邦證券股份有限公司,詹正田
281,桃園市觀音區樹林里工業六路3號,(03) 483-8520,4429,聚紡股份有限公司,聚紡,343500000,19990108,紡織纖維,資誠聯合會計師事務所,台新國際商業銀行股務代理部,陳國欽
282,彰化縣和美鎮彰美路六段334號,04-7556903,4430,耀億工業股份有限公司,耀億,562736090,19731123,其他,資誠會計師事務所,凱基證券股份有限公司,王昭仁
283,新北市五股區中興路一段6號9樓之5,(02)8976-9431,4432,銘旺實業股份有限公司,銘旺實,505890000,19860215,紡織纖維,資誠聯合會計師事務所,永豐金證券股務代理部,陳盈璇
284,新北市新莊區五權二路10號1樓,02-22989888,4433,興采實業股份有限公司,興采,461800550,19890314,紡織纖維,資誠聯合會計師事務所,凱基證券股份有限公司,陳國欽
285,彰化縣線西鄉彰濱東一路3號,04-7588511,4502,健信科技工業股份有限公司,健信,497681630,19780620,電機機械,資誠聯合會計師事務所,凱基證券股份有限公司股務代理部,蔡禮文
286,彰化市延和里埔內街411巷101號,04-7112837,4503,金雨企業股份有限公司,金雨,392633260,19800621,電機機械,勤業眾信聯合會計師事務所,第一金證券(股)公司,卓政懋
287,北市南京東路二段88號13樓,02-2563-9767,4506,崇友實業(股)公司,崇友,1770120000,19740530,電機機械,安永聯合會計師事務所,元大證券股份有限公司,唐伯龍
288,台中市大雅區科雅路16號,04-25671001,4510,高鋒工業股份有限公司,高鋒,1080106890,19790203,電機機械,國富浩華聯合會計師事務所,元富證券股份有限公司股務代理處,沈國榮
289,台中市大雅區龍善二街12號,(047)977214,4513,福裕事業股份有限公司,福裕,768803000,19780413,電機機械,安永聯合會計師事務所,中國信託商業銀行代理部,張寶銘
290,台北市復興北路99號9樓,02-2719-8776,4523,永彰機電股份有限公司,永彰,640000000,19870504,電機機械,建昇財稅聯合會計師事務所,永彰機電股份有限公司,鄭萬來
291,高雄市三民區吉林街139巷12號,07-6170422,4527,霖冷凍機械股份有限公司,方土霖,761523700,19880405,電機機械,資誠聯合會計師事務所,元大證券股份有限公司,曾仲國
292,台中市西屯區協和里協和南巷3-1號,04-23594475,4528,江興鍛壓工業股份有限公司,江興鍛,765142680,19800905,電機機械,安永聯合會計師事務所,統一綜合證券股份有限公司,江木山
293,台北市信義區基隆路2段149號11樓,02-27081455,4529,淳紳股份有限公司,淳紳,827738460,19871103,其他,卓群聯合會計師事務所,凱基證券股份有限公司,沈瑋
294,台北市中山區復興北路58號3樓,02-27755398,4530,宏易創新國際股份有限公司,宏易,461722760,19840912,電機機械,勤業眾信聯合會計師事務所,永豐金證券股份有限公司,陳冠瑋
295,桃園市龜山區南上路446號,(03)3525488,4533,協易機械工業股份有限公司,協易機,1584341100,19820302,電機機械,勤業眾信聯合會計師事務所,福邦證券股份有限公司,郭雅慧
296,苗栗縣頭份市中華路487巷20號,(037)628267,4534,慶騰精密科技股份有限公司,慶騰,891939480,19930223,電機機械,安永聯合會計師事務所,元富(綜合)證券股份有限公司,王光彬
297,彰化縣伸港鄉全興工業區工八路3號,04-7980226,4535,至興精機股份有限公司,至興,756617400,19880317,電機機械,富鋒聯合會計師事務所,元大證券股份有限公司,吳崇儀
298,(50544)彰化縣鹿港鎮鹿工南六路23號,04-7812131,4538,大詠城機械股份有限公司,大詠城,476000000,19800110,電機機械,資誠會計師事務所,日盛證券股份有限公司股務代理部,謝順民
299,高雄市路竹區北嶺二路11號,07-6955332,4541,晟田科技工業股份有限公司,晟田,694990680,19910815,其他,資誠聯合會計師事務所,凱基證券股份有限公司,謝永昌
300,桃園市龜山區山鶯路華玉巷3號,(03)350-1776,4542,科嶠工業股份有限公司,科嶠,282854000,20000327,電子零組件業,資誠聯合會計師事務所,富邦綜合證券股份有限公司,鄧全凱
301,台南市關廟區中山路二段260號,06-5956403,4543,萬在工業股份有限公司,萬在,569700000,19840507,電機機械,安永聯合會計師事務所,台新國際商業銀行股務代理,萬正乾
302,新北市土城工業區自強街16號,(02)22671266,4549,桓達科技股份有限公司,桓達,423836850,20030130,電機機械,勤業眾信聯合會計師事務所,元大證券股份有限公司股代部,吳清德
303,台北市內湖區基湖路10巷1號8樓,02-66066788,4550,長佳機電工程股份有限公司,長佳,370968460,19930517,電機機械,勤業眾信聯合會計師事務所,華南永昌證券股份有限公司,王才翔
304,台中市中部科學工業園區科雅路29號5樓,04-2560-2865,4554,橙的電子股份有限公司,橙的,213749000,20050120,其他電子業,安永聯合會計師事務所,宏遠證券(股)公司股務代理部,許欽堯
305,雲林縣斗六市科工一路5號,(05)551-2891,4556,旭然國際股份有限公司,旭然,417420000,19851105,其他,資誠聯合會計師事務所,群益金鼎證券股份有限公司,吳玲美
306,彰化縣線西鄉彰濱工業區彰濱東七路16號,04-7910272,4561,健椿工業股份有限公司,健椿,585216190,19831214,電機機械,安侯建業聯合會計師事務所,第一金證券(股)公司股務代理部,葉橫燦
307,台中市大甲區幼獅工業區工六路3號,04-26821266,4563,百德機械股份有限公司,百德,549500000,19910523,電機機械,勤業眾信聯合會計師事務所,日盛證券股份有限公司,謝瑞木
308,新北市中和區建康路6號5樓,02-2226-6864,4568,科際精密股份有限公司,科際精密,302465000,20140319,電機機械,安侯建業聯合會計師事務所,永豐金證券(股)公司股務代理部,張智
309,新北市土城區中山路九號,02-22686111,4580,捷流閥業股份有限公司,捷流閥業,391320000,19800627,電機機械,勤業眾信聯合會計師事務所,元大證券(股)公司股務代理部,楊大中
310,桃園市中壢區南園路2-20號,03-4511761,4609,唐鋒實業股份有限公司,唐鋒,479468200,19760712,電器電纜,安侯建業聯合會計師事務所,亞東證券股份有限公司,許文治
311,台北市大安區敦化南路二段七十六號十二樓,27030205,4702,中美聯合實業股份有限公司,中美實,723332000,19640109,化學工業,資誠聯合會計師事務所,群益金鼎證券股份有限公司,關心
312,台北市南港區八德路四段778號7樓,(02)-27850907,4706,大恭化學工業股份有限公司,大恭,790300930,19660420,化學工業,勤業眾信聯合會計師事務所,中國信託商業銀行股份有限公司,鄧加惠
313,台北市新生南路一段50號11樓,23972549,4707,磐亞股份有限公司,磐亞,2865671770,19820406,化學工業,勤業眾信會計師事務所,磐亞股份有限公司,王貴賢
314,台北市松江路168號11樓,(02)25623450,4711,永純化學工業股份有限公司,永純,610560000,19650731,化學工業,勤業眾信聯合會計師事務所,元大證券股份有限公司股務代理部,蔡慶芳
315,臺北市北投區石牌路一段188號8樓,(02)28262887,4712,南璋股份有限公司,南璋,669889270,19740316,食品工業,資誠聯合會計師事務所,元大證券股份有限公司,陳萬添
316,台南市安定區安加里258之26號,06-5923985,4714,永捷創新科技股份有限公司,永捷,1035933860,19910829,化學工業,安侯建業聯合會計師事務所,福邦證券股份有限公司股務代理部,張祐銘
317,高雄市仁武區後安里永宏巷10號,07-3720584,4716,大立高分子工業股份有限公司,大立,751715610,19700721,化學工業,安永聯合會計師事務所,統一綜合證券股份有限公司,邱志向
318,桃園市觀音區草漯里大同一路1號,03-4833799,4721,美琪瑪國際股份有限公司,美琪瑪,749863040,19920630,化學工業,勤業眾信聯合會計師事務所,宏遠證券股份有限公司,嚴隆財
319,(350)苗栗縣竹南鎮科東三路8號2樓,037586188,4726,永昕生物醫藥股份有限公司,永昕,1279545000,20010928,生技醫療業,富鋒聯合會計師事務所,群益金鼎證券(股)公司股務代理部,林榮錦
320,台南市新市區環東路一段31巷10號1樓,06-5053289,4728,雙美生物科技股份有限公司,雙美,544630000,20010206,生技醫療業,安侯建業聯合會計師事務所,宏遠證券股份有限公司股務代理部,林齊國
321,高雄市路竹區竹南里路科三路7號,(07)6955799,4729,熒茂光學股份有限公司,熒茂,1046670000,20050526,光電業,安永聯合會計師事務所,元大證券股份有限公司,方敏宗
322,新北市三重區光復路一段78號9樓,(02)85121347,4735,豪展醫療科技股份有限公司,豪展,364825280,19960514,生技醫療業,寶業聯合會計師事務所,富邦證券股份有限公司,莊明輝
323,新北市五股區五工二路127號6樓,02-66250288,4736,泰博科技股份有限公司,泰博,840624700,19980511,生技醫療業,勤業眾信會計師事務所,凱基證券股份有限公司,陳朝旺
324,(30093)新竹市大湖路173-2號,03-5181601,4741,泓瀚科技股份有限公司,泓瀚,328415840,20040102,化學工業,勤業眾信聯合會計師事務所,富邦綜合證券股份有限公司,呂(木宜)境
325,台北市大安區信義路四段236號11樓,02-27031576,4743,合一生技股份有限公司,合一,3529048160,20080602,生技醫療業,勤業眾信聯合會計師事務所,元富證券股份有限公司,黃山內
326,41280台中市大里區仁化里工業九路190號,(04)3705-6555,4744,皇將科技股份有限公司,皇將,468556640,20020819,生技醫療業,安侯建業聯合會計師事務所,褔邦證券股份有限公司,林靜宜
327,"Suite 102, Cannon Place, North Sound Rd., George Town",(02)2325-0222,4745,合富醫療控股股份有限公司,合富-KY,737614730,20051104,生技醫療業,安侯建業聯合會計師事務所,中國信託商業銀行代理部,王瓊芝
328,"(241)新北市三重區三和路四段77,79號",(02)2971-2579,4747,強生化學製藥廠股份有限公司,強生,300187500,19661215,生技醫療業,安永聯合會計師事務所,統一綜合證券股份有限公司,黃柏熊
329,338桃園市蘆竹區濱海里中圳街176號,03-3543488,4754,國碳科技股份有限公司,國碳科,187612080,19980511,化學工業,安侯建業聯合會計師事務所,國票綜合證券股份有限公司,張超
330,高雄市大寮區大有3街32號,07-7873290,4760,勤凱科技股份有限公司,勤凱科技,295000000,20070608,其他電子業,安侯建業聯合會計師事務所,福邦證券股份有限公司股務代理部,曾聰乙
331,高雄市路竹區路科三路1號,(07)695-5798,4767,誠泰工業科技股份有限公司,誠泰科技,314150000,19830613,化學工業,勤業眾信聯合會計師事務所,中國信託商業銀行 代理部,王勝義
332,台北市內湖區瑞光路258巷31號2樓A5室,26577885,4803,威馳克媒體集團股份有限公司,VHQ-KY,393794870,20131114,文化創意業,勤業眾信聯合會計師事務所,永豐金證券股份有限公司,劉國華
333,台北市松山區復興北路99號15樓212室,02-27157586,4804,大略國際控股有限公司,大略-KY,446949200,20110805,觀光事業,安侯建業聯合會計師事務所,富邦綜合證券(股)公司股務代理部,梁競偉
334,台北市內湖區行愛路176號4樓,02-2795-5113,4806,昇華娛樂傳播股份有限公司,昇華,419741850,20000509,文化創意業,卓群聯合會計師事務所,元大證券股份有限公司,俞惟中
335,新竹市科學園區研新四路12號,03-5779333,4903,聯合光纖通信股份有限公司,聯光通,902793270,19840615,通信網路業,德昌聯合會計師事務所,康和綜合證券股份有限公司,王祈蓀
336,台北市內湖區瑞光路108號3樓,02-8792-2226,4905,台聯電訊股份有限公司,台聯電,368225160,19900803,通信網路業,安永聯合會計師事務所,中國信託商業銀行代理部,華盛國際投資股份有限公司
337,台中市西屯區市政北二路238號16樓之3,(04)2258-5320,4907,富宇地產股份有限公司,富宇,1181457780,19880826,建材營造,立本台灣聯合會計師事務所,元富證券股份有限公司股務代理處,張清全
338,新竹縣湖口鄉新竹工業區自強路三號,(03)5973852,4908,前鼎光電股份有限公司,前鼎,782169070,19980720,通信網路業,安侯建業聯合會計師事務所,永豐金證券股份有限公司,葉政彥
339,桃園市新屋區望間里10鄰十五間45號,03-4723759,4909,新復興微波通訊股份有限公司,新復興,933568640,19841130,通信網路業,勤業眾信聯合會計師事務所,中國信託商業銀行代理部,張永輝
340,台南市安南區科技五路92號,06-3840918,4911,德英生物科技股份有限公司,德英,556600000,20020806,生技醫療業,資誠聯合會計師事務所,華南永昌綜合證券股份有限公司,郭國華
341,台北市中山區長安東路一段16號7樓之2,02-2567-7222,4924,欣厚科技股份有限公司,欣厚-KY,371644090,20091016,電腦及週邊設備業,德昌聯合會計師事務所,中國信託商業銀行代理部,劉鳳君
342,高雄市高雄加工出口區西十五街一號,(07)8414200,4931,新盛力科技股份有限公司,新盛力,619757610,20040726,電腦及週邊設備業,勤業眾信聯合會計師事務所,台新國際商業銀行股份有限公司,張中秋
343,桃園市大溪區仁善里松樹21-9號,03-3074769,4933,友輝光電股份有限公司,友輝,780666750,20031231,光電業,勤業眾信聯合會計師,新光證券股份有限公司,吳東昇
344,新竹縣竹北市中華路676巷18號4樓,03-6569270,4939,亞洲電材股份有限公司,亞電,982008680,20030707,電子零組件業,安永聯合會計師事務所,福邦證券股份有限公司,李建輝
345,新竹科學園區苗栗縣竹南鎮科北五路8號,037-585177,4944,兆遠科技股份有限公司,兆遠,2072549460,20001102,光電業,安侯建業聯合會計師事務所,宏遠證券股份有限公司,姚宕梁
346,台北市內湖區瑞光路583巷31號3樓,02-8797-1717,4946,紅心辣椒娛樂科技股份有限公司,辣椒,273207960,20060921,文化創意業,勤業眾信聯合會計師事務所,統一綜合證券(股)公司股務代理部,鄧潤澤
347,新北市新店區寶橋路235巷130之3號4樓(台灣聯絡處),02-8912-1919,4947,昂寶電子股份有限公司,昂寶-KY,559862680,20081205,半導體業,勤業眾信聯合會計師事務所,台新國際商業銀行股務代理部,陳志樑
348,台北市大安區敦化南路二段76號24樓,02-27060058,4950,牧東光電股份有限公司,牧東,457790000,20081024,其他,勤業眾信聯合會計師事務所,宏遠證券股份有限公司,李明聰
349,新北市汐止區新台五路1段93號32樓,02-77458889,4953,緯創軟體股份有限公司,緯軟,664011040,19920601,資訊服務業,安侯建業聯合會計師事務所,凱基證券股份有限公司,蕭清志
350,"P.O.Box 309GT,Ugland House,South Church Street,George Town",02-2627-9339,4966,譜瑞科技股份有限公司,譜瑞-KY,800020870,20051115,半導體業,資誠聯合會計師事務所,中國信託商業銀行代理部,趙捷
351,"PO Box 309, Ugland House, Grand Cayman, KY1-1104, Cayman Isl",+1-9722340069,4971,英特磊科技股份有限公司,IET-KY,365325430,20110426,半導體業,資誠聯合會計師事務所,中國信託商業銀行代理部,高永中
352,新北市樹林區博愛街236號4樓,02-86857655,4972,湯石照明科技股份有限公司,湯石照明,402533030,19920820,光電業,資誠聯合會計師事務所,宏遠證券股份有限公司,湯士權
353,台北市內湖區洲子街106號7樓,02-8751-6595,4973,廣穎電通股份有限公司,廣穎,635058330,20030218,半導體業,資誠聯合會計師事務所,群益金鼎證券股份有限公司,陳慧民
354,新北市中和區中正路880號2樓,(02)8228-6400,4974,亞泰影像科技股份有限公司,亞泰,725001040,20040120,電子零組件業,勤業眾信聯合會計師事務所,中國信託商業銀行 代理部,賴以仁
355,桃園市中壢區合江路6號,(03)462-9588,4979,華星光通科技股份有限公司,華星光,1199802790,20011115,通信網路業,安侯建業聯合會計師事務所,中國信託商業銀行,鄭敦謙
356,新北市中和區建康路168號13樓,02-22258480,4987,科誠股份有限公司,科誠,252000000,19930104,電腦及週邊設備業,資誠聯合會計師事務所,福邦證券股份有限公司股務代理部,戴奉義
357,"190 Elgin Avenue, George Town, KY1-9005, Cayman Islands",02-23610085,4991,環宇通訊半導體控股股份有限公司,環宇-KY,913515040,20101130,半導體業,資誠聯合會計師事務所,中國信託商業銀行代理部,黃大倫
358,新北市新店區寶橋路235巷137號8樓,(02)8919-1300,4995,晶達光電股份有限公司,晶達,416730360,20000818,光電業,勤業眾信聯合會計師事務所,福邦證券股份有限公司股務代理部,李英珍
359,台南市新營區新中路35號(總部地址:台南市柳營區工二路10號),06-6230890,5009,榮剛材料科技股份有限公司,榮剛,4667359910,19930319,鋼鐵工業,勤業眾信聯合會計師事務所,元大證券股份有限公司,王炯棻
360,高雄市橋頭區芋林路299號,07-6125885,5011,久陽精密股份有限公司,久陽,411358690,19841121,鋼鐵工業,資誠聯合會計師事務所,兆豐證券股份有限公司,孫正強
361,台南市722佳里區海澄里萊芊寮12-19號,06-7263300,5013,強新工業股份有限公司,強新,1334160000,19931125,鋼鐵工業,勤業眾信聯合會計師事務所,中國信託商業銀行代理部,吳玉堂
362,桃園市大園區田心里大觀路178號,(03)385-6975,5014,建錩實業股份有限公司,建錩,1653330540,19830728,鋼鐵工業,資誠聯合會計師事務所,台新國際商業銀行股務代理部,李慶柏
363,桃園市中壢區松江北路29號,03-4622317,5015,華祺工業股份有限公司,華祺,606391890,19840522,鋼鐵工業,惠眾聯合會計師事務所,凱基證券股份有限公司,葉明彥
364,南投市南崗工業區南崗三路61號,049-2253395,5016,松和工業股份有限公司,松和,496220760,19720915,鋼鐵工業,安永聯合會計師事務所,台新國際商業銀行股務代理部,林廷芳
365,彰化縣員林市中央里柳橋路2段285號,04-8354754,5102,富強輪胎工廠股份有限公司,富強,640850670,19651101,橡膠工業,國富浩華聯合會計師事務所,第一金證券股份有限公司,蔡文順
366,台北市松山區光復北路11巷35號5樓,(02)2528-1877,5201,凱衛資訊股份有限公司,凱衛,306746000,19850522,資訊服務業,正風聯合會計師事務所,元富證券股份有限公司,曾正哲
367,台北市114內湖區新湖一路128巷15號6樓,(02)7721-2001,5202,力新國際科技股份有限公司,力新,590940000,19870930,資訊服務業,勤業眾信聯合會計師事務所,群益金鼎證券股份有限公司,林榮生
368,台北市內湖區內湖路1段396號3樓之1,(02)26587119,5205,中茂能資系統整合科技(股)公司,中茂,180052000,19891213,其他電子業,眾智聯合會計師事務所,群益金鼎證券股份有限公司,高承本
369,台中市西屯區市政路402號19樓之二,(04)2258-6252,5206,坤悅開發股份有限公司,坤悅,1485000000,19751006,建材營造,建智聯合會計師事務所,台新國際商業銀行股份有限公司,陳丕岳
370,台北市中山北路六段89號10樓,(02)28357412,5209,新鼎系統股份有限公司,新鼎,234950000,19870803,資訊服務業,資誠聯合會計師事務所,凱基證券股份有限公司,余騰耀
371,台北市松山區八德路二段358號六樓之一,02-8791-9366,5210,寶碩財務科技股份有限公司,寶碩,636997790,19881123,資訊服務業,國富浩華聯合會計師事務所,台新國際商業銀行股務代理部,白介宇
372,(30071)新竹市光復路二段二巷47號7樓,03-5716243,5211,蒙恬科技股份有限公司,蒙恬,320247270,19910924,資訊服務業,勤業眾信會計師事務所,台新國際商業銀行股務代理部,蔡義泰
373,新竹縣竹北市台元一街8號5樓之6,03-5601297,5212,凌網科技股份有限公司,凌網,346330000,19980703,資訊服務業,安永聯合會計師事務所,元富證券股份有限公司,賴洋助
374,台北市松山區敦化南路一段25號12樓,02-2579-1515,5213,亞昕國際開發股份有限公司,亞昕,3461954320,19950116,建材營造,安侯建業聯合會計師事務所,兆豐證券股份有限公司,姚連地
375,桃園市龜山區華亞二路222號,03-2635580,5220,萬達光電科技股份有限公司,萬達光電,396670000,20021118,光電業,資誠聯合會計師事務所,兆豐證券,杜丁龍
376,新北市新莊區新北大道四段215號8樓,(02)8522-0759,5223,安力國際股份有限公司,安力-KY,432477000,20100623,電腦及週邊設備業,資誠聯合會計師事務所,第一金證券股份有限公司,許振焜
377,桃園市桃園區興華路2-1號,03-364-9955,5227,蓋曼立凱電能科技(股)公司,立凱-KY,1300196640,20071116,電子零組件業,資誠聯合會計師事務所,群益金鼎證券股份有限公司,張聖時
378,新北市中和區板南路655號15F,02-82276127,5230,雷笛克光學股份有限公司,雷笛克光學,489558240,20080327,光電業,勤業眾信聯合會計師事務所,元大證券(股)公司股務代理部,唐德龍
379,350新竹科學工業園區苗栗縣竹南鎮科北二路8號,(037)586566,5245,智晶光電股份有限公司,智晶,449900000,20051103,光電業,勤業眾信聯合會計師事務所,元富證券(股)公司,王鴻鈞
380,新北市中和區中正路700號3樓之3,02-82278583,5251,天鉞電子股份有限公司,天鉞電,354449770,19920523,光電業,勤業眾信聯合會計師事務所,中國信託商業銀行代理部,汪攘夷
381,高雄市前鎮區復興四路9號,07-5370189,5263,智崴資訊科技股份有限公司,智崴,557474100,20011030,文化創意業,正大聯合會計師事務所,台新國際商業銀行股份有限公司,陳志全
382,新竹縣竹北市台元街18號十樓之一、之二,(03)5601715,5272,笙科電子股份有限公司,笙科,564241180,20050923,半導體業,勤業眾信聯合會計師事務所,元富證券股份有限公司,曾三田
383,新竹市東區公道五路三段1號4樓之1,03-5751183,5274,信驊科技股份有限公司,信驊,342248010,20041115,半導體業,勤業眾信聯合會計師事務所,中國信託商業銀行代理部,林鴻明
384,"4th Floor, Harbour Place, 103 South Church Street, George T.",02-2649-9679,5276,達輝股份有限公司,達輝-KY,395000000,20111201,其他,安侯建業聯合會計師事務所,康和綜合證券股份有限公司,徐鴻鈞
385,(106)台北市大安區羅斯福路三段37號12樓,02-23650112,5278,尚凡國際創新科技股份有限公司,尚凡,152473500,20021007,電子商務,資誠聯合會計師事務所,日盛證券股份有限公司股務代理部,張家銘
386,臺中市西屯區四川二街30號5樓,04-2314-1929,5281,大峽谷半導體照明系統(開曼),大峽谷-KY,370100000,20120522,光電業,安永聯合會計師事務所,永豐金證券股份有限公司,張家瑞
387,241新北巿三重區重新路五段609巷12號10樓,(02)2999-6285,5287,數字科技股份有限公司,數字,425755000,20070123,電子商務,安侯建業聯合會計師事務所,群益金鼎證券股份有限公司,廖世芳
388,新北市汐止區大同路一段237號5樓,02-77033555,5289,宜鼎國際股份有限公司,宜鼎,797294510,20050316,電腦及週邊設備業,資誠聯合會計師事務所,凱基證券股份有限公司,簡川勝
389,桃園市龜山區山鶯路中華巷2號,03-3596766,5291,邑昇實業股份有限公司,邑昇,388249170,19940322,電子零組件業,勤業眾信聯合會計師事務所,群益金鼎證券股份有限公司,簡榮坤
390,(302)新竹縣竹北市台元街22號4樓之1,03-5526158,5299,杰力科技股份有限公司,杰力,352289810,20080303,半導體業,安侯建業聯合會計師事務所,凱基證券股份有限公司,李啟隆
391,新北市永和區竹林路60號2樓,02-89212708,5301,寶得利國際股份有限公司,寶得利,1379750000,19781006,觀光事業,資信聯合會計師事務所,元大綜合證券股份有限公司,張雅琍
392,台北市內湖區瑞光路358巷30弄1號10樓,2659-0077,5302,太欣半導體股份有限公司,太欣,1623770000,19830608,半導體業,安永聯合會計師事務所,群益金鼎證券股份有限公司,王國肇
393,新北市土城區中央路四段51號8樓之3,22681964,5304,鼎創達股份有限公司,鼎創達,3269624360,19790114,電腦及週邊設備業,德昌聯合會計師事務所,統一綜合證券股份有限公司,郭佩芝
394,台南市永康區中華路425號8F-5,(06)3037333,5306,桂盟國際股份有限公司,桂盟,1260000000,19890420,其他,勤業眾信聯合會計師事務所,中國信託商業銀行(股)公司代理部,吳盈進
395,台北市內湖區堤頂大道一段1號5樓之1,(02)2790-9000,5309,系統電子工業股份有限公司,系統電,1511547090,19771014,電子零組件業,資誠聯合會計師事務所,福邦證券股份有限公司股務代理部,李益仁
396,台北市大同區鄭州路87號10樓之1,(02)7737-0926,5310,天剛資訊股份有限公司,天剛,496012370,19891228,資訊服務業,正風聯合會計師事務所,華南永昌綜合證券股份有限公司,呂國雄
397,新北市汐止區新台五路一段97號16F,26971166,5312,寶島光學科技股份有限公司,寶島科,600598980,19891109,生技醫療業,勤業眾信聯合會計師事務所,元富證券股份有限公司股務代理部,蔡國洲
398,新竹科學工業園區新竹市工業東四路24-2號2樓,03-5785002,5314,世紀民生科技股份有限公司,世紀,600000000,19910729,半導體業,資誠聯合會計師事務所,元大證券股份有限公司,錢逸森
399,台中市潭子區台中加工出口區建國路12號,04-25313067,5315,光聯科技股份有限公司,光聯,1063518320,19900626,光電業,勤業眾信聯合會計師事務所,永豐金證券股份有限公司,韓之華
400,桃園市桃園區興邦路34號,(03)262-1886,5321,友銓電子股份有限公司,友銓,349731950,19830705,電子零組件業,國富浩華聯合會計師事務所,群益金鼎證券(股)公司股務代理部,廖承豪
401,台北市中山北路六段九十號八樓,(02)2834-0997,5324,士林開發股份有限公司,士開,1363790900,19840123,建材營造,安侯建業聯合會計師事務所,元大證券股份有限公司,李昌霖
402,高雄市大寮區民貴街60巷5號1樓,(07)7023910,5328,華容股份有限公司,華容,1727107240,19830420,電子零組件業,安永聯合會計師事務所,福邦證券股份有限公司,瑞軒科技股份有限公司-代表人吳春發
403,桃園巿楊梅區民豐路277號,03-4759675,5340,建榮工業材料股份有限公司,建榮,1948939640,19920812,電子零組件業,資誠聯合會計師事務所,中國信託商業銀行代理部,蔣筱欽
404,新竹市科學園區力行五路9號,03-5645515,5344,立衛科技股份有限公司,立衛,794474600,19880401,半導體業,勤業眾信聯合會計師事務所,中國信託商業銀行股份有限公司,沈炳輝
405,桃園市中壢區環北路400號18樓之1,03-2805182,5345,天揚精密科技股份有限公司,天揚,450000000,19901019,電子零組件業,正風聯合會計師事務所,兆豐證券股份有限公司,王鏑程
406,新竹科學園區新竹縣園區三路123號,03-5630666,5347,世界先進積體電路股份有限公司,世界,16389822670,19941205,半導體業,勤業眾信聯合會計師事務所,中國信託商業銀行代理部,方略
407,苗栗縣竹南科中路31號3樓,037-585-530,5348,系通科技股份有限公司,系通,259503100,19901203,通信網路業,勤業眾信聯合會計師事務所,新光證券股份有限公司,胡湘麒
408,桃園市觀音區觀音工業區經建一路16號,(03)4833546,5349,先豐通訊股份有限公司,先豐,2240963730,19870608,電子零組件業,勤業眾信聯合會計師事務所,永豐金證券股份有限公司,鄭文鋒
409,新竹市科學園區科技五路六號,(03)5779001,5351,鈺創科技股份有限公司,鈺創,4352398370,19910201,半導體業,資誠聯合會計師事務所,中國信託商銀代理部,盧超群
410,桃園市蘆竹區榮安路10號,03-3127314,5353,台林電通股份有限公司,台林,750000000,19800410,通信網路業,安永聯合會計師事務所,元富證券股份有限公司,陳俊廷
411,桃園市大林里興邦路39-4號,03-3676010,5355,佳總興業股份有限公司,佳總,1661227920,19880919,電子零組件業,正風聯合會計師事務所,中國信託商業銀行代理部,承安投資股份有限公司
412,臺北市中正區館前路49號3樓,(02)7725-5353,5356,協益電子股份有限公司,協益,1030400000,19690108,電腦及週邊設備業,勤業眾信聯合會計師事務所,國票綜合證券股份有限公司,王自軍
413,台北市中山區松江路162號3樓,(02)21001799,5364,力麗觀光開發股份有限公司,力麗店,140999400,19900124,觀光事業,安侯建業聯合會計師事務所,兆豐證券股份有限公司,蔡宗易
414,新竹科學工業園區新竹市東區力行路11號,03-5772530,5371,中強光電股份有限公司,中光電,4344231100,19920630,光電業,安永聯合會計師事務所,元大證券股份有限公司,張威儀
415,桃園市中壢區中壢工業區東園路38-1號,03-4514206,5381,合正科技股份有限公司,合正,1801568370,19910906,電子零組件業,國富浩華聯合會計師事務所,台新國際商業銀行股務代理部,李志誠
416,桃園市平鎮區平鎮工業區工業五路四號,(03)4696997,5383,金利精密工業股份有限公司,金利,794003990,19690408,其他電子業,勤業眾信聯合會計師事務所,永豐金證券(股)公司股務代理部,趙永昌
417,新北市中和區中正路716號6樓,02-82273266,5386,青雲國際科技股份有限公司,青雲,224749720,19840626,電腦及週邊設備業,眾智聯合會計師事務所,中國信託商業銀行股份有限公司,柯聰源
418,台北市復興北路101號10樓,(02)25472909,5392,應華精密科技股份有限公司,應華,1666313630,19941229,光電業,資誠聯合會計師事務所,群益金鼎證券股份有限公司,董俊仁
419,新北市汐止區大同路一段239號16樓之1,2641-6328,5398,慕康生技醫藥股份有限公司,慕康生醫,499504600,19780622,其他,安侯建業聯合會計師事務所,康和證券股務代理部,黃旭仁
420,台北市內湖區行愛路151號8樓,81706168,5403,中菲電腦股份有限公司,中菲,626300410,19811121,資訊服務業,勤業眾信聯合會計師事務所,台新國際商業銀行股務代理部,莊斯威
421,臺北市內湖區陽光街298號3樓,(02)2799-7789,5410,國眾電腦股份有限公司,國眾,859001230,19850913,資訊服務業,勤業眾信聯合會計師事務所,台新國際商業銀行股務代理部,王超群
422,新北市新店區北新路3段205號11樓,89131858,5425,台灣半導體股份有限公司,台半,2494539650,19790118,半導體業,安侯建業聯合會計師事務所,中國信託商業銀行代理部,王秀亭
423,新北市三重區光復路二段二十五號,22783853,5426,振發實業股份有限公司,振發,1438000000,19720717,電腦及週邊設備業,高威聯合會計師事務所,亞東證券股份有限公司,蔡宗勳
424,台北市內湖區行忠路42號6樓,(02)77210241,5432,達威光電股份有限公司,達威,206878040,19900521,光電業,資誠聯合會計師事務所,統一證券(股)公司股務代理部,陳政隆
425,台北市內湖區內湖路一段68號1樓,(02)2792-2102,5438,東友科技股份有限公司,東友,1125365650,19970908,電腦及週邊設備業,資誠聯合會計師事務所,中國信託商業銀行(股)公司代理部,黃育仁
426,桃園市桃園區興邦路43巷3號,03-3761921,5439,高技企業股份有限公司,高技,859757520,19880129,電子零組件業,勤業眾信聯合會計師事務所,台新國際商業銀行股務代理部,張景山
427,新竹科學工業園區新竹縣創新一路5-1號4樓,03-5639988,5443,均豪精密工業股份有限公司,均豪,1651361440,19781222,光電業,資誠聯合會計師事務所,統一綜合證券股份有限公司,葉勝發
428,台北市內湖區陽光街349號6樓,2659-1599,5450,寶聯通綠能科技股份有限公司,寶聯通,1223922500,19890811,電腦及週邊設備業,勤業眾信聯合會計師事務所,日盛證券股份有限公司,蕭登波
429,新北市土城區自強街8號,02-2269-3695,5452,佶優科技股份有限公司,佶優,1487636690,19910820,其他電子業,安侯建業聯合會計師事務所,凱基證券(股)公司股務代理部,馬康華
430,新竹市東區公道五路二段417號11樓,03-6886389,5455,昇益開發股份有限公司,昇益,655018130,19910706,建材營造,致遠聯合會計師事務所,台新國際商業銀行股務代理部,利來德投資股份有限公司代表人周樑鐘
431,桃園市龜山區民生北路一段568號,03-2121771,5457,宣德科技股份有限公司,宣德,1696450000,19901016,電子零組件業,資誠聯合會計師事務所,台新國際商業銀行股務代理部,蔡鎮隆
432,新北市新莊區民安路429巷1號,(02)22023126,5460,同協電子股份有限公司,同協,612272300,19721214,電子零組件業,勤業眾信聯合會計師事務所,群益金鼎證券股份有限公司,劉定泮
433,嘉義縣民雄鄉福樂村中山路6號,05-2217178,5464,霖宏科技股份有限公司,霖宏,710714900,19950621,電子零組件業,安永聯合會計師事務所,群益金鼎證券股份有限公司,張枋霖
434,台南市安南區安和路2段54巷225號,(06)356-0505,5465,富驊企業股份有限公司,富驊,1640918110,19840723,電腦及週邊設備業,勤業眾信聯合會計師事務所,福邦證券股份有限公司,柯吉源
435,新竹科學園區新竹市科技五路6號,03-5787719,5468,凱鈺科技股份有限公司,凱鈺,198229090,19940721,半導體業,勤業眾信聯合會計師事務所,台新國際商業銀行股份有限公司,胡炳昆
436,臺北市忠孝東路2段88號18樓,(02)23921358,5474,聰泰科技開發股份有限公司,聰泰,337297870,19901001,電腦及週邊設備業,資誠聯合會計師事務所,群益金鼎證券股份有限公司,陳立民
437,桃園市楊梅區楊湖路二段718號,03-4726447,5475,德宏工業股份有限公司,德宏,1816100240,19970321,電子零組件業,資誠聯合會計師事務所,中國信託商業銀行代理部,劉暉麟
438,高雄市前鎮區擴建路1-16號13樓,(07)815-5658,5478,智冠科技股份有限公司,智冠,1274743320,19830715,文化創意業,勤業眾信聯合會計師事務所,元大證券股份有限公司,王俊博
439,臺北市大安區敦化南路2段97號2樓,02-27019369,5481,新華泰富股份有限公司,新華,746938910,19900618,電子零組件業,安侯建業聯合會計師事務所,中國信託商業銀行代理部,何君毅
440,新竹市科學工業園區工業東二路八號四樓,03-578-1706,5483,中美矽晶製品股份有限公司,中美晶,5862216510,19810121,半導體業,安侯建業聯合會計師事務所,元大證券股份有限公司股務代理部,盧明光
441,新北市中和區建一路166號6樓,02-82265929,5487,通泰積體電路股份有限公司,通泰,231275160,19861014,半導體業,安永聯合會計師事務所,第一金證券股份有限公司,福豐盛投資股份有限公司
442,桃園市龜山區大華里頂湖五街三號,03-3961542,5488,松普科技股份有限公司,松普,915861240,19830521,電子零組件業,霈昇聯合會計師事務所,福邦證券股份有限公司,駱國呈
443,台北市內湖區洲子街116號,(02)2659-8868,5489,彩富電子股份有限公司,彩富,1027064410,19910716,其他電子業,勤業眾信聯合會計師事務所,群益金鼎證券股份有限公司,陳春生
444,新竹縣科學園區工業東九路三十號四樓,03-5678022,5490,同亨科技股份有限公司,同亨,958266010,19970408,電腦及週邊設備業,安侯建業聯合會計師事務所,富邦綜合證券(股)公司股務代理部,張永銘
445,台北市大安區復興南路一段390號5樓之3,02-27031561,5493,三聯科技股份有限公司,三聯,442646950,19670220,其他電子業,集智聯合會計師事務所,中國信託商業銀行代理部,林大鈞
446,桃園市桃園區大林里21鄰興邦路32號,(03)366-8136,5498,凱崴電子股份有限公司,凱崴,1648239120,19970227,電子零組件業,勤業眾信聯合會計師事務所,宏遠證券股份有限公司,周邦基
447,高雄市新興區六合路183號12樓,07-2230488,5508,永信建設開發股份有限公司,永信建,2174281330,19870402,建材營造,勤業眾信聯合會計師事務所,元大證券(股)公司股務代理部,陳俊銘
448,台中市北區五常里五權路401-1號1樓,(04)22013202,5511,德昌營造股份有限公司,德昌,1134400000,19860520,建材營造,冠恆聯合會計師事務所,永豐金證券股份有限公司,黃政勇(格正投資股份)
449,104台北市中山區吉林路99號8樓,21002388,5512,力麒建設股份有限公司,力麒,7439927120,19920730,建材營造,安侯建業聯合會計師事務所,台新國際商業銀行股務代理部,郭淑珍
450,台北市長安東路二段173號7樓,02-27817686,5514,三豐建設股份有限公司,三豐,1766433000,19880121,建材營造,安永聯合會計師事務所,元富證券股份有限公司,洪敏夫
451,新竹市民族路186號,03-5421289,5516,雙喜營造股份有限公司,雙喜,382950000,19820114,建材營造,安侯建業聯合會計師事務所,元大證券股份有限公司,邱宏章
452,台北市士林區延平北路七段七號,(02)2810-3009,5520,力泰建設企業股份有限公司,力泰,603152450,19760506,建材營造,霈昇聯合會計師事務所,群益金鼎證券股份有限公司,吳良材
453,40360臺中市西區臺灣大道2段501號19樓之2,04-23266390,5523,豐謙建設股份有限公司,豐謙,1550014640,19840430,建材營造,資誠聯合會計師事務所,永豐金證券股份有限公司,袁玉麒
454,新竹市柴橋里藝術路8號2樓,03-6127890,5529,志嘉建設股份有限公司,志嘉,884328490,19701109,建材營造,資誠聯合會計師事務所,統一綜合證券股份有限公司,葉哲宏
455,新北市汐止區東勢街111號,02-66157777,5530,龍巖股份有限公司,龍巖,4200841990,19870327,其他,安侯建業聯合會計師事務所,日盛證券股份有限公司股務代理部,劉偉龍
456,台中市西屯區文心路二段201號19樓之1,04-22615121,5536,聖暉工程科技股份有限公司,聖暉,541867420,19790219,其他電子業,安侯建業聯合會計師事務所,凱基證券股份有限公司,梁進利
457,"Grand Cayman KY1-1208, Cayman Islands",02-2508-0087,5543,崇佑股份有限公司,崇佑-KY,356999960,20091110,建材營造,資誠聯合會計師事務所,兆豐證券股務代理部,張建智
458,基隆市七堵區堵南里三合街二號,(02)24515271,5601,臺聯貨櫃通運股份有限公司,台聯櫃,648000000,19730716,航運業,安永會計師事務所,群益金鼎證券股份有限公司,簡東捷
459,新北市汐止區大同路2段171-1號12樓,02-86926071,5603,陸海股份有限公司,陸海,783245750,19730621,航運業,資誠聯合會計師事務所,亞東證券股份有限公司,何英津
460,台中市西屯區工業區一路7號,04-23595400,5604,中連汽車貨運股份有限公司,中連貨,1087829680,19540809,航運業,安侯建業聯合會計師事務所,亞東證券股份有限公司,蘇南州
461,台北市114民權東路六段160號11樓,(02)27927052,5609,中菲行國際物流股份有限公司,中菲行,1260000000,19850802,航運業,安侯建業聯合會計師事務所,元大證券股份有限公司,錢堯懷
462,雲林縣古坑鄉永光村大湖口六十七號,05-5825781,5701,劍湖山世界股份有限公司,劍湖山,2537569570,19860807,觀光事業,國富浩華聯合會計師事務所,群益金鼎證券股份有限公司,尤義賢
463,台北市民權東路2段41號,0225969223,5703,亞都麗緻大飯店股份有限公司,亞都,702395940,19770525,觀光事業,國富浩華聯合會計師事務所,凱基證券股份有限公司,周永銘
464,台東縣卑南鄉溫泉村龍泉路113巷23號,089510678,5704,知本老爺大酒店股份有限公司,老爺知,388616580,19921129,觀光事業,資誠聯合會計師事務所,台新國際商業銀行股務代理部,林清波
465,台北市中山區南京東路2段85.87號10樓,(02)2567-5889,5820,日盛金融控股股份有限公司,日盛金,37118197410,20020205,金融業,安侯建業聯合會計師事務所,日盛證券股務代理部,黃錦瑭
466,台南市北區西門路三段十號,06-2286201,5864,致和證券股份有限公司,致和證,2374904220,19891104,金融業,正風聯合會計師事務所,統一綜合證券股份有限公司,許文科
467,臺北市館前路49號11樓,(02)5558-2666,5878,台名保險經紀人股份有限公司,台名,250243030,20021018,金融業,勤業眾信聯合會計師事務所,國票綜合證券股份有限公司,李正之
468,臺南市永康區中正路301號,(06)243-5723,5902,德記洋行股份有限公司,德記,945000000,19870205,貿易百貨,資誠聯合會計師事務所,統一證券股務代理部,黃瑞典
469,台北市中山北路二段61號7樓,(02)2523-9599,5903,全家便利商店股份有限公司,全家,2232200000,19880818,貿易百貨,資誠聯合會計師事務所,永豐金證券(股)公司股務代理部,葉榮廷
470,台南市民族路三段74號,06-2246868,5904,寶雅國際股份有限公司,寶雅,976850310,19970312,貿易百貨,資誠聯合會計師事務所,華南永昌綜合證券股份有限公司,陳建造
471,高雄市苓雅區光華一路206號21樓之2,07-2248787,5905,南仁湖育樂股份有限公司,南仁湖,1898169570,19891121,貿易百貨,資誠聯合會計師事務所,兆豐證券股份有限公司,鍾嘉村
472,台北市信義路四段236號3至5樓及7樓,27001308,6015,宏遠證券股份有限公司,宏遠證,3382007750,19611208,金融業,安永聯合會計師事務所,宏遠證券股務代理部,柳漢宗
473,台北市基隆路一段176號B1-B2,87871559,6016,康和綜合證券股份有限公司,康和證,5903227260,19900725,金融業,勤業眾信聯合會計師事務所,康和綜合證券股務代理部,鄭大宇
474,台北市大同區承德路一段17號17樓,25554200,6020,大展證券股份有限公司,大展證,2523531540,19880617,金融業,安永聯合會計師事務所,兆豐證券股份有限公司,李玉萍
475,臺北市民生東路二段一七四、一七六號四樓,25066545,6021,大慶證券股份有限公司,大慶證,3067559740,19880707,金融業,勤業眾信聯合會計師事務所,中國信託股務代理部,黃谷涵
476,台北市中山區南京東路三段225號11樓、12樓,2546-0497,6023,元大期貨股份有限公司,元大期貨,2499762880,19970409,金融業,資誠聯合會計師事務所,元大證券股務代理部,林添富
477,台北市忠孝西路1段6號5、6、7樓,23836800,6026,福邦證券股份有限公司,福邦證,2455575000,19890905,金融業,勤業眾信會計師事務所,中國信託商業銀行代理部,林火燈
478,台北市大安區復興南路二段268號12樓,(02)27368788,6101,寬魚國際股份有限公司,寬魚國際,1164223710,19891026,文化創意業,資誠聯合會計師事務所,國票綜合證券股份有限公司,邱漢中
479,新竹巿科學工業園區園區二路11號8樓,(03)579-5223,6103,合邦電子股份有限公司,合邦,570849740,19960122,半導體業,卓群聯合會計師事務所,元大證券股份有限公司,柯拔希
480,新北市新店區北新路三段205號13樓,(02)6629-8555,6104,創惟科技股份有限公司,創惟,908181840,19970402,半導體業,安侯建業聯合會計師事務所,中國信託商業銀行代理部,王國肇
481,台北市大安區基隆路4段43號研揚大樓7樓,02-23770283,6109,亞元科技股份有限公司,亞元,574004140,19900406,通信網路業,大中國際聯合會計師事務所,台新國際商業銀行股務代理部,嚴維群
482,台北市基隆路一段200號24樓,02-27292066,6111,大宇資訊股份有限公司,大宇資,492885300,19980803,文化創意業,安永聯合會計師事務所,元大證券股務代理部,&#20931;俊光
483,台北市內湖區洲子街58號7樓,(02)87525868,6113,亞矽科技股份有限公司,亞矽,500471000,19860404,電子通路業,安侯建業聯合會計師事務所,凱基證券股份有限公司,蔡伯宜
484,台北市內湖區陽光街365巷39號3樓,(02)26577786,6114,久威國際股份有限公司,久威,439119370,19820701,電子零組件業,資誠聯合會計師事務所,凱基證券(股)公司股務代理部,湯慧芳
485,新北市新店區中正路531號5樓,(02)22191605,6118,建達國際股份有限公司,建達,908895730,19951101,電子通路業,勤業眾信聯合會計師事務所,中國信託商業銀行代理部,陳文琦
486,新竹縣湖口鄉八德路二段471號,03-5695931,6121,新普科技股份有限公司,新普,1849705190,19920416,電腦及週邊設備業,勤業眾信聯合會計師事務所,台新國際商業銀行股務代理部,宋福祥
487,台北市內湖區瑞光路210號5樓,8751-2407,6122,擎邦國際科技工程股份有限公司,擎邦,687290890,19820821,電機機械,安侯建業聯合會計師事務所,富邦綜合證券股份有限公司代理部,洪振攀
488,台北市內湖區瑞光路76巷33號3樓,02-87923002,6123,上奇科技股份有限公司,上奇,590374300,19910727,電腦及週邊設備業,資誠聯合會計師事務所,元大證券股份有限公司,許承強
489,(115)臺北市南港區三重路１９-１３號７樓,(02)2655-1100,6124,業強科技股份有限公司,業強,1824799450,19941223,電子零組件業,安侯建業聯合會計師事務所,凱基證券股份有限公司,王台光
490,新北市瑞芳區頂坪路瑞芳工業區69號,(02)2788-9785,6125,廣運機械工程股份有限公司,廣運,2490111500,19760712,光電業,勤業眾信聯合會計師事務所,統一綜合證券股份有限公司,謝清褔
491,新竹縣湖口鄉中正路二段209號,(03)5995601,6126,信音企業股份有限公司,信音,1268395870,19760825,電子零組件業,安永聯合會計師事務所,日盛證券股份有限公司,甘信男
492,桃園市平鎮區平東路一段160號,(03)450-7070,6127,九豪精密陶瓷股份有限公司,九豪,1080797510,19911202,電子零組件業,勤業眾信聯合會計師事務所,福邦證券股份有限公司,陳清金
493,新北市新店區寶橋路233-1號2樓,29160050,6129,普誠科技股份有限公司,普誠,1809436750,19860515,半導體業,國富浩華聯合會計師事務所,凱基證券股份有限公司股務代理部,姜長安
494,臺北市松山區南京東路5段188號9樓之12,02-27132101,6130,星寶國際股份有限公司,星寶國際,291000000,19940107,生技醫療業,安侯建業聯合會計師事務所,永豐金證券股份有限公司,黃坤鍵
495,新北市五股區工業區五工六路72號3樓,(02)2298-8131,6134,萬旭電業股份有限公司,萬旭,942705740,19870604,電子零組件業,資誠聯合會計師事務所,日盛證券股務代理處,張銘烈
496,新竹市新竹科學園區篤行一路6號,(03)5642050,6138,茂達電子股份有限公司,茂達,730830000,19971024,半導體業,資誠聯合會計師事務所,元富證券股份有限公司,陳善南
497,台北市中山區建國北路二段147號2樓,02-2505-5134,6140,訊達電腦股份有限公司,訊達電腦,383679060,19821108,資訊服務業,勤業眾信聯合會計師事務所,群益金鼎證券股份有限公司,盧崑錄
498,新竹縣竹北市博愛街945號,(03)5535552,6143,振曜科技股份有限公司,振曜,830068970,19970606,通信網路業,安侯建業聯合會計師事務所,元大證券股務代理部,呂俊德
499,台北市民權西路53號10樓,25964829,6144,得利影視股份有限公司,得利影,731178060,19950719,文化創意業,資誠聯合會計師事務所,國票綜合證券(股)公司股務代理部,吳昭弘
500,新北市汐止區新台五路一段一０六號六樓,(02)26962255,6146,耕興股份有限公司,耕興,923965530,19970501,其他電子業,勤業眾信聯合會計師事務所,凱基證券股份有限公司,黃文亮
501,新竹市新竹科學工業園區力行五路三號,(03)563-8998,6147,頎邦科技股份有限公司,頎邦,6542619980,19970702,半導體業,資誠聯合會計師事務所,元大證券股份有限公司,吳非艱
502,台北市中正區北平東路30號5樓,(02)2356-3995,6148,驊宏資通股份有限公司,驊宏資,470000000,19911227,資訊服務業,勤業眾信聯合會計師事務所,群益金鼎證券(股)公司股務代理部,廖文鐸
503,新北市汐止區新台五路一段79號7樓之7,(02)86983456,6150,撼訊科技股份有限公司,撼訊,332904600,19971008,電腦及週邊設備業,勤業眾信聯合會計師事務所,富邦綜合證券股務代理部,張茂松
504,桃園市大園區南港里11鄰長發路250號,(03)386-3587,6151,晉倫科技股份有限公司,晉倫,552573000,19820715,其他電子業,正風聯合會計師事務所,統一綜合證券股份有限公司,鐘春重
505,高雄市807三民區建國二路2號,(07)2365669,6154,順發電腦股份有限公司,順發,800800000,19951221,電子通路業,勤業眾信聯合會計師事務所,華南永昌綜合證券股份有限公司,吳錦昌
506,新北市土城區忠承路117號4樓,02-22686300,6156,松上電子股份有限公司,松上,815116090,19880613,電子零組件業,安永聯合會計師事務所,台新國際商業銀行股務代理部,包仁志
507,桃園市興華路9號,03-3768026,6158,禾昌興業股份有限公司,禾昌,526694880,19860111,電子零組件業,勤業眾信會計師事務所,元大證券股份有限公司,陳可宣
508,台北市大安區敦化南路二段333號12樓,02-87322255,6160,欣技資訊股份有限公司,欣技,684891200,19881012,電腦及週邊設備業,勤業眾信聯合會計師事務所,元大證券股份有限公司,廖宜彥
509,新北市新店區北新路三段207號9樓,(02)8913-2722,6161,捷波資訊股份有限公司,捷波,789833030,19860804,電腦及週邊設備業,資誠聯合會計師事務所,群益金鼎證券股份有限公司,楊光輝
510,新北市汐止區新台五路一段108號11樓B棟,(02)26967199,6163,華電聯網股份有限公司,華電網,1228816920,19940504,通信網路業,立本台灣聯合會計師事務所,富邦綜合證券股份有限公司,陳國章
511,台中市西屯區工業區六路八號,04-23558166,6167,久正光電股份有限公司,久正,1621732210,19910902,光電業,安侯建業聯合會計師事務所,永豐金證券股務代理部,王世岳
512,台北市內湖區瑞光路358巷30弄8號4樓,02-8797-7199,6169,昱泉國際股份有限公司,昱泉,233949600,19890418,文化創意業,安侯建業聯合會計師事務所,富邦綜合證券﹝股﹞公司,蔡錦隆
513,台北市內湖區安美街181號,(02)27965960,6170,統振股份有限公司,統振,896700380,19770819,通信網路業,勤業眾信聯合會計師事務所,福邦證券股份有限公司,陳敦仁
514,台中市西屯區台灣大道四段839號6樓,(04)23587511,6171,台灣亞銳士股份有限公司,亞銳士,753519210,19950814,建材營造,建智聯合會計師事務所,福邦證券股份有限公司,賴源釗
515,桃園市楊梅區高獅路566-1號,(03)485-2300,6173,信昌電子陶瓷股份有限公司,信昌電,1720000000,19900521,電子零組件業,勤業眾信聯合會計師事務所,信昌電子陶瓷(股)公司股務辦事處,焦佑衡
516,台中市潭子區台中加工出口區建國路11-3號,04-25336011,6174,安碁科技股份有限公司,安碁,500000000,19901201,電子零組件業,資誠會計師事務所,統一綜合證券股份有限公司,林逸倫
517,苗栗縣銅鑼鄉中興工業區中隆二路9號,(037)229213,6175,立敦科技(股)有限公司,立敦,1363635160,19931109,電子零組件業,安永聯合會計師事務所,台新國際商業銀行股務代理部,吳德銓
518,新北市汐止區新台五路一段96號22樓,02-86961590,6179,亞通利大能源股份有限公司,亞通,741467310,19950422,其他,勤業眾信聯合會計師事務所,中國信託商業銀行代理部,呂元瑞
519,台北市內湖區瑞湖街111號,(02)26588855,6180,遊戲橘子數位科技股份有限公司,橘子,1754935730,19950612,文化創意業,資誠聯合會計師事務所,凱基證券股份有限公司股務代理部,劉柏園
520,桃園市龍潭區龍潭科學園區龍園一路100號,(03)4815002,6182,合晶科技股份有限公司,合晶,5108984360,19970724,半導體業,安永聯合會計師事務所,凱基證券股份有限公司股務代理部,焦平海
521,新北市土城區自強街11巷1號3樓,22681211,6185,幃翔精密股份有限公司,幃翔,1498675310,19880426,電子零組件業,大中國際聯合會計師事務所,日盛證券股份有限公司,陳文鏗
522,台北市松山區民生東路三段109號8樓(通訊),25469299,6186,新潤興業股份有限公司,新潤,1000344080,19980330,建材營造,資誠聯合會計師事務所,兆豐證券股份有限公司,郭長庚
523,821 高雄市路竹區路科十路1號,(07)695-5556,6187,萬潤科技股份有限公司,萬潤,833239020,19960524,其他電子業,資誠聯合會計師事務所,統一綜合證券股份有限公司,盧鏡來
524,桃園市龜山區文化二路188號3樓,03-3289515,6188,廣明光電股份有限公司,廣明,2783589100,19990210,電腦及週邊設備業,安侯建業聯合會計師事務所,中國信託銀行代理部,林百里
525,桃園市中壢區北園路17號(公司:新北市五股區五工六路72號),03-4522021,6190,萬泰科技股份有限公司,萬泰科,1403685370,19780619,通信網路業,資誠聯合會計師事務所,日盛證券股份有限公司,張銘烈
526,桃園市桃園區新埔六街101號24樓,03-3464069,6194,育富電子股份有限公司,育富,600000000,19830221,電子零組件業,誠正聯合會計師事務所,元大證券股份有限公司,劉永幹
527,桃園市龜山區頂湖一街69號,(03)318-6555,6195,詩肯股份有限公司,詩肯,461332270,19951009,貿易百貨,勤業眾信聯合會計師事務所,凱基證券股份有限公司,林福勤
528,台北市內湖區瑞光路188巷43號4樓,(02)87523989,6198,凌泰科技股份有限公司,凌泰,201353500,19981029,半導體業,國富浩華聯合會計師事務所,永豐金證券股務代理部,張敦凱
529,桃園市平鎮區洪圳路385~3號,(03)4601686,6199,天品聯合企業股份有限公司,天品,617600180,19930403,其他,國富浩華聯合會計師事務所,元大證券股份有限公司,李振寬
530,台北市內湖區內湖路一段360巷19號8樓,02-26590530,6203,海韻電子工業股份有限公司,海韻電,799532770,19750919,電子零組件業,國富浩華聯合會計師事務所,統一綜合證券股份有限公司,張修誠
531,桃園市桃園區中正路1221、1223號9樓,(03)356-2009,6204,台灣艾華電子工業股份有限公司,艾華,231020800,19700214,電子零組件業,勤業眾信聯合會計師事務所,元富證券股份有限公司股務代理部,黃子軒
532,高雄市前鎮區新生路二四八之三十九號,07-8156711,6207,雷科股份有限公司,雷科,839545890,19880906,電子零組件業,資誠聯合會計師事務所,元大證券股份有限公司,鄭再興
533,台南市安南區工明南二路106號,(06)247-8022,6208,日揚科技股份有限公司,日揚,989935650,19970529,電子零組件業,勤業眾信聯合會計師事務所,日盛證券股份有限公司股務代理部,吳明田
534,桃園市中壢區中壢工業區松江北路24號,03-4510791,6210,慶生電子股份有限公司,慶生,350480000,19841005,電子零組件業,資誠聯合會計師事務所,統一綜合證券股份有限公司,王年和
535,新竹市公道五路2段419號7樓,(03)6886189,6212,理銘開發股份有限公司,理銘,1020000000,19771108,建材營造,致遠聯合會計師事務所,台新國際商業銀行股務代理部,曾森縣
536,新北市板橋區和平路24巷8號4樓,02-29610355,6217,中國探針股份有限公司,中探針,651666850,19860122,電子零組件業,資誠聯合會計師事務所,凱基證券股份有限公司,陳志峰
537,台北市大同區承德路一段70號3樓,(02)2549-2681,6218,豪勉科技股份有限公司,豪勉,642620000,19790426,通信網路業,勤業眾信聯合會計師事務所,凱基證券股務代理部,彭以豪
538,台中市西區大隆路20號4樓之5,04-23268874,6219,富旺國際開發股份有限公司,富旺,1540162760,19970423,建材營造,勤業眾信聯合會計師事務所,元大證券股份有限公司,林正雄
539,桃園市新屋區中山東路二段130巷12-9號,03-4772340,6220,岳豐科技股份有限公司,岳豐,1245544880,19830903,電子零組件業,安侯建業聯合會計師事務所,永豐金證券股份有限公司,葉春榮
540,新竹市光復路二段289號7F,03-5163063,6221,晉泰科技股份有限公司,晉泰,453621530,19940624,資訊服務業,廣信益群聯合會計師事務所,國票綜合證券(股)公司股務代理部,林澤鈿
541,新北市汐止區中興路32號1樓,26917000,6222,上揚科技股份有限公司,上揚,345888780,19860815,光電業,德昌聯合會計師事務所,元大證券股份有限公司,連艾莉
542,302新竹縣竹北市中和街 155號,03-5518381,6223,旺矽科技股份有限公司,旺矽,799587260,19950725,半導體業,日正聯合會計師事務所,華南永昌綜合證券股份有限公司,葛長林
543,新北市新店區北新路三段207-2號14樓,(02)8913-2277,6227,茂綸股份有限公司,茂綸,761117860,19790208,電子通路業,安永聯合會計師事務所,群益金鼎證券股份有限公司,吳偉國
544,新北市汐止區大同路一段239號7樓,86921860,6228,全譜科技股份有限公司,全譜,320000000,19930920,電腦及週邊設備業,勤業眾信聯合會計師事務所,台新國際商業銀行股務代理部,高偉超
545,新北市汐止區康寧街169巷29-1號3樓,(02)2695-9367,6229,研通科技股份有限公司,研通,360877000,19920302,半導體業,安侯建業聯合會計師事務所,台新國際商業銀行股務代理部,許劍郎
546,台北市中山區民生東路二段161號12樓,66083689,6231,系微股份有限公司,系微,380434880,19980918,資訊服務業,安侯建業聯合會計師事務所,凱基證券股份有限公司,王志高
547,台北市南港路三段48號7樓,02-26546161,6233,旺玖科技股份有限公司,旺玖,823688960,19971113,半導體業,安侯建業聯合會計師事務所,凱基證券股務代理部,張景棠
548,台中市437大甲區日南里工七路1號,04-26820567,6234,高僑自動化科技股份有限公司,高僑,928643830,19900502,光電業,安侯建業聯合會計師事務所,凱基證券股份有限公司,李義隆
549,台北市大安區仁愛路四段4號11樓,02-25554583,6236,康呈生醫科技股份有限公司,康呈,316540390,19971002,其他,安侯建業聯合會計師事務所,群益金鼎證券股份有限公司,周建君
550,台北市市民大道四段100號6樓,02-87732211,6237,驊訊電子企業股份有限公司,驊訊,790343710,19911205,半導體業,資誠聯合會計師事務所,宏遠證券股份有限公司股務代理部,鄭期成
551,新竹縣竹北市泰和路84號,(03)5510505,6238,勝麗國際股份有限公司,勝麗,573071140,19910508,其他電子業,勤業眾信聯合會計師事務所,群益金鼎證券股份有限公司,劉福洲
552,臺北市忠孝西路1段50號9樓,02-23810393,6240,松崗數位文創股份有限公司,松崗,230983700,19970419,資訊服務業,正風聯合會計師事務所,統一綜合證券股份有限公司,湯順甄
553,台南市709安南區工業二路82號,06-3843960,6241,易通展科技股份有限公司(原享承),易通展,237172880,19920328,通信網路業,立本台灣聯合會計師事務所,元大證券股份有限公司,孫秀梅
554,台南巿永康區王行里環工路29號,(06)2012514,6242,立康生醫事業股份有限公司(亨豐),立康,222000000,19850416,生技醫療業,勤業眾信聯合會計師事務所,群益金鼎證券股務代理部,鄭育修
555,新北市深坑區北深路3段248號6樓,(06)5051789,6244,茂迪股份有限公司,茂迪,5404514080,19810603,光電業,安侯建業聯合會計師事務所,中國信託商業銀行代理部,曾永輝
556,新北市汐止區大同路2段173號7樓,02-86926102,6245,立端科技股份有限公司,立端,1180084380,19861030,通信網路業,安侯建業聯合會計師事務所,宏遠證券股份有限公司,周逸文
557,新北市新莊區思源路332巷7號3樓,(02)22990520,6246,臺龍電子股份有限公司,臺龍,307571450,19821113,光電業,德昌聯合會計師事務所,華南永昌綜合證券股份有限公司,陳志龍
558,新北市中和區員山路512號2F,(02)2223-1339,6247,淇譽電子科技股份有限公司,淇譽電,603210000,19821130,其他電子業,安永會計師事務所,統一綜合證券股份有限公司,許黃月華
559,台北市大同區承德路三段132號2樓,02-2599-3686,6248,沛波鋼鐵股份有限公司,沛波,306751840,19840516,鋼鐵工業,勤業眾信聯合會計師事務所,元大證券(股)股務代理部,蔡玉葉
560,台北市內湖區瑞湖街199號3樓,02)8792-6222,6259,百徽股份有限公司,百徽,1113364300,19931220,電子零組件業,馬施云大華聯合會計師事務所,兆豐證券股份有限公司,張傑民
561,新竹市科學工業園區科技路5號4F,03-6662951,6261,久元電子股份有限公司,久元,1284979890,19910722,半導體業,勤業眾信聯合會計師事務所,群益金鼎證券股份有限公司,汪秉龍
562,新北市新店區民權路96號10樓,2218-2248,6263,普萊德科技股份有限公司,普萊德,625009640,19930105,通信網路業,正風聯合會計師事務所,元大證券股份有限公司,陳清港
563,台北巿士林區中山北路五段453號1樓,(02)28830023,6264,富裔實業股份有限公司,富裔,1163552910,19970702,建材營造,勤業眾信聯合會計師事務所,元大證券(股)公司股務代理部,祝文定
564,新北市新店區寶中路92號10樓,(02)2916-2262,6265,方土昶股份有限公司,方土昶,1181721510,19980122,電子通路業,資誠聯合會計師事務所,中國信託商業銀行股份有限公司,張政文
565,新竹市牛埔東路480號,03-5386138,6266,泰詠電子股份有限公司,泰詠,989462030,19900215,電子零組件業,勤業眾信聯合會計師事務所,永豐金證券股份有限公司,崔世和
566,新北市汐止區新台五路一段75號5樓,02-26980096,6270,倍微科技股份有限公司,倍微,721457590,19921020,電子通路業,資誠聯合會計師事務所,凱基證券股份有限公司,傅江松
567,新竹縣竹北市博愛街803號,03-5553964,6274,台燿科技股份有限公司,台燿,2652194490,19740522,電子零組件業,勤業眾信聯合會計師事務所,永豐金證券股份有限公司,辛忠衡
568,高雄市仁武區鳳仁路329號,(07)3742027,6275,元山科技工業股份有限公司,元山,697869250,19870310,其他電子業,安侯建業聯合會計師事務所,福邦證券股份有限公司,陳建榮
569,台北市內湖區洲子街107號8樓,02-2799-3435,6276,安鈦克科技股份有限公司,安鈦克,296700000,19781021,電腦及週邊設備業,安侯建業聯合會計師事務所,永豐金證券股務代理部,李益昌
570,新北市汐止區環河街68號,26941062,6279,胡連精密股份有限公司,胡連,972241050,19770709,電子零組件業,勤業眾信聯合會計師事務所,永豐金證券股份有限公司,張子雄
571,苗栗縣竹南鎮公義里11鄰科義街11號,037 585 511,6284,佳邦科技股份有限公司,佳邦,1401803410,19980623,電子零組件業,安侯建業,元大證券股份有限公司股務代理部,華新科技股份有限公司
572,新竹科學園區新竹市研發二路18號,03-5778211,6287,元隆電子股份有限公司,元隆,4381455900,19870608,半導體業,安永聯合會計師事務所,永豐金證券股份有限公司,陳清忠
573,台北市長安東路一段36號10樓,02-25681488,6290,良維科技股份有限公司,良維,1437967390,19720905,電子零組件業,資誠聯合會計師事務所,中國信託商業銀行股份有限公司,李淳正
574,新竹科學園區力行一路一號1樓A1,03-5772510,6291,沛亨半導體股份有限公司,沛亨,270000000,19920120,半導體業,安侯建業聯合會計師事務所,中國信託商業銀行代理部,林志茂
575,桃園縣龜山鄉民生北路一段38-1號,03-3554558,6292,迅德興業股份有限公司,迅德,469007120,19860519,電子零組件業,資誠聯合會計師事務所,永豐金證券股份有限公司,陳嘉雄
576,台南市北區成功路114號10樓之1,06-2207979,6294,智基科技開發股份有限公司,智基,234026100,19961221,文化創意業,資誠聯合會計師事務所,福邦證券股份有限公司股務代理部,邱仕榮
577,台北市大安區光復南路102號8樓,02-77130123,6404,中國通訊多媒體集團有限公司,通訊-KY,373680000,20110620,資訊服務業,勤業眾信聯合會計師事務所,台新國際商業銀行股務代理部,林維鈞
578,23511新北市中和區中正路736號6樓之6,(02)82278969,6411,晶焱科技股份有限公司,晶焱,801333310,20060126,半導體業,安侯建業聯合會計師事務所,群益金鼎證券股份有限公司,李俊昌
579,台中市大里區工業九路一號,04-24927388,6417,韋僑科技股份有限公司,韋僑,356140000,19990323,通信網路業,勤業眾信聯合會計師事務所,元大證券股份有限公司股務代理部,曾穎堂
580,桃園市中壢區中福路二段十巷二號,03-4527661,6418,詠昇電子股份有限公司,詠昇,345220000,19880203,電子零組件業,資誠聯合會計師事務所,康和綜合證券股份有限公司,黃塗城
581,新北市中和區中正路909號10樓,(02)87732260,6419,京晨科技股份有限公司,京晨科,131591700,20060817,光電業,安侯建業聯合會計師事務所,永豐金證券股務代理部,楊文彬
582,桃園市中壢區自強四路3-2號,03-4517898,6425,易發精機股份有限公司,易發,425370000,19880822,電機機械,勤業眾信聯合會計師事務所,福邦證券股份有限公司,羅文進
583,台南市新市區南科三路7號4樓,(06)5053701,6426,統新光訊股份有限公司,統新,385090000,20030801,通信網路業,安永聯合會計師事務所,元富證券股務代理部,劉奇林
584,新北市三重區重新路五段646號14樓,02-29997582,6432,今展科技股份有限公司,今展科,243840510,20010220,電子零組件業,勤業眾信聯合會計師事務所,永豐金證券股務代理部,王琴賢
585,新竹科學園區篤行一路6號5樓,(03)563-5080,6435,大中積體電路股份有限公司,大中,330630000,20080814,半導體業,資誠聯合會計師事務所,元富證券股份有限公司股務代理部,陳日昇
586,桃園市中壢區榮民路421號,03-4356871,6438,迅得機械股份有限公司,迅得,603000000,19991028,其他電子業,勤業眾信聯合會計師事務所,台新國際商業銀行股務代理部,官錦&#22531;
587,新北市汐止區新台五路一段93號24樓,26975988,6441,廣錠科技股份有限公司,廣錠,307622570,20111213,電腦及週邊設備業,勤業眾信聯合會計師事務所,中國信託代理部,廖良彬
588,台北市南港區園區街3號13樓,02-26557626,6446,藥華醫藥股份有限公司,藥華藥,2250538670,20000509,生技醫療業,安永聯合會計師事務所,中國信託商業銀行代理部,詹青柳
589,台北市士林區承德路四段172號5樓,(02)2880-4287,6457,紘康科技股份有限公司,紘康,297777920,20070709,半導體業,勤業眾信聯合會計師事務所,元富證券股份有限公司,趙伯寅
590,台北市內湖區瑞光路358巷36號3樓,02-77218800,6461,益得生物科技股份有限公司,益得,1002440000,20101028,生技醫療業,勤業眾信聯合會計師事務所,元大證券(股)公司股務代理部,林智暉
591,台北市內湖區瑞光路360號2樓,(02)26588368,6462,神盾股份有限公司,神盾,713817540,20071226,半導體業,安侯建業聯合會計師事務所,元大證券股務代理部,羅森洲
592,台北巿內湖區內湖路一段120巷13號8樓,02-2797-4030,6465,威潤科技股份有限公司,威潤,329743010,20100119,通信網路業,資誠聯合會計師事務所,元大證券股份有限公司,湯潤闊
593,桃園市中壢區成章四街143號,03-4333033,6469,大樹醫藥股份有限公司,大樹,435446060,20010515,生技醫療業,安永聯合會計師事務所,台新國際商業銀行股務代理部,劉玉騰
594,新竹市金山八街1號3樓,03-5798718,6470,宇智網通股份有限公司,宇智,326941000,20040615,通信網路業,勤業眾信聯合會計師事務所,宏遠證券股份有限公司,袁允中
595,台北市內湖區行愛路69號6樓,(02)27906595,6472,保瑞藥業股份有限公司,保瑞,416272490,20070612,生技醫療業,安永聯合會計師事務所,台新國際商業銀行股務代理部,盛保熙
596,台中市臺灣大道二段186號15樓之2,04-2322-2971,6482,弘煜科技事業股份有限公司,弘煜科,171484400,20091105,文化創意業,安侯建業聯合會計師事務所,日盛證券(股)公司股務代理部,洪而立
597,新竹市公道五路二段83號7F-1,03-5736300,6485,點序科技股份有限公司,點序,393835080,20080213,半導體業,勤業眾信聯合會計師事務所,元大證券股份有限公司股務代理部,劉坤旺
598,新北市五股區五工五路三十八之一號,(02)2299-0399,6486,互動國際數位股份有限公司,互動,369440000,20030514,通信網路業,立本台灣聯合會計師事務所,富邦綜合證券股份有限公司,鄭炎為
599,新竹市科學工業園區工業東二路八號,03-5781706,6488,環球晶圓股份有限公司,環球晶,4372500000,20111018,半導體業,安侯建業聯合會計師事務所,元大證券(股)公司股務代理部,徐秀蘭
600,新北市新店區北新路3段225號10樓,(02)89119956,6492,生華生物科技股份有限公司,生華科,744986200,20121116,生技醫療業,資誠聯合會計師事務所,永豐金證券(股)公司股務代理部,胡定吾
601,新竹市水利路81號7樓之1,03-5169076,6494,九齊科技股份有限公司,九齊,315596900,20061030,半導體業,勤業眾信聯合會計師事務所,群益金鼎證券股份有限公司,郭秋麗
602,台北市南港區園區街3號14樓之6,(02)2655-7916,6496,科懋生物科技股份有限公司,科懋,466670000,19880721,生技醫療業,安侯建業聯合會計師事務所,元富證券股份有限公司股務代理部,陳澤民
603,臺北市信義區松仁路100號37樓,+65 6225 2419,6497,亞獅康股份有限公司,亞獅康-KY,1899549700,20140623,生技醫療業,勤業眾信聯合會計師事務所,群益金鼎證券股份有限公司,Andrew James Howden
604,台北市士林區後港街116號7F,02-28816907,6499,益安生醫股份有限公司,益安,664951590,20121222,生技醫療業,資誠聯合會計師事務所,群益金鼎證券股份有限公司,張有德
605,南投縣南投市南崗工業區永興路3號,049-2257436,6506,(又又)邦實業股份有限公司,雙邦,823608260,19891117,化學工業,維揚聯合會計師事務所,群益金鼎證券股份有限公司,張崇棠
606,台南市麻豆區苓子林17-10號,06-5700065,6508,惠光股份有限公司,惠光,847821680,19651217,農業科技,資誠聯合會計師事務所,永豐金證券股務代理部,陳冠華
607,高雄市大寮區潮寮里華東路28號,07-7875853,6509,聚和國際股份有限公司,聚和,1761331010,19750207,化學工業,勤業眾信聯合會計師事務所,中國信託商業銀行代理部,郭聰田
608,桃園巿平鎮區工業三路15號,(03)4693119,6510,中華精測科技股份有限公司,精測,327890220,20050826,半導體業,勤業眾信聯合會計師事務所,台新國際商業銀行股務代理部,黃秀谷
609,新竹縣竹北市復興一街251號5樓之1,03-6681908,6512,啟發電子股份有限公司,啟發電,250000000,20060328,其他電子業,勤業眾信聯合會計師事務所,兆豐證券股份有限公司,張鈺欽
610,基隆市七堵區工建路1號2樓,(02)24527722,6514,芮特科技股份有限公司,芮特-KY,300153820,20140818,通信網路業,勤業眾信聯合會計師事務所,中國信託商業銀行代理部,陳淑敏
611,台北市中正區羅斯福路二段100號3樓,(02)2363-5497,6516,勤崴國際科技股份有限公司,勤崴國際,351134810,20071226,資訊服務業,勤業眾信聯合會計師事務所,元大證券(股)公司,柯應鴻
612,台北市中山區南京東路三段70號13樓,(02)2517-8333,6523,達爾膚生醫科技股份有限公司,達爾膚,450476250,20030310,生技醫療業,資誠聯合會計師事務所,中國信託商業銀行(股)公司代理部,吳奕叡
613,桃園市桃園區中山路956巷116號,(03)3607722,6527,明達醫學科技股份有限公司,明達醫,242760000,20091026,生技醫療業,安侯建業聯合會計師事務所,兆豐證券股份有限公司股務代理部,王威
614,新北市新店區寶中路119號6樓,(02)89111825,6530,創威光電股份有限公司,創威,337500000,20020415,通信網路業,勤業眾信聯合會計師事務所,宏遠證券股份有限公司,陳文宗
615,新竹縣湖口鄉鳳山村光復南路58號,03-5972266,6532,瑞耘科技股份有限公司,瑞耘,316267250,19980305,半導體業,資誠聯合會計師事務所,群益金鼎證券股份有限公司,呂學恒
616,台北市南港區園區街3-2號4樓,02-2655-7919,6535,順天醫藥生技股份有限公司,順藥,1175948250,20001113,生技醫療業,資誠聯合會計師事務所,群益金鼎證券股份有限公司,蔡長海
617,桃園市龜山區萬壽路一段492之16號3樓,(03)3292555,6538,倉和股份有限公司,倉和,303000000,19940401,電子零組件業,勤業眾信聯合會計師事務所,兆豐證券(股)公司股務代理部,蔡富得
618,新北市板橋區縣民大道二段68號9樓,02-89110285,6542,隆中網絡股份有限公司,隆中,420006300,20101206,文化創意業,資誠聯合會計師事務所,元大證券股務代理部,顧剛維
619,新竹科學工業園區新竹縣竹北市生醫三路68號,03-6684865,6547,高端疫苗生物製劑股份有限公司,高端疫苗,1860257500,20121012,生技醫療業,資誠聯合會計師事務所,永豐金證券(股)公司股務代理部,張世忠
620,高雄市楠梓加工出口區開發路24號,07-9628203,6548,長華科技股份有限公司,長科*,364131050,20091224,半導體業,勤業眾信聯合計師事務所,永豐金證券股份有限公司,黃嘉能
621,桃園市桃園區大誠路 10 號,03-3648528,6556,勝品電通股份有限公司,勝品,287500000,20101007,光電業,勤業眾信聯合會計師事務所,台新國際商業銀行股務代理部,李宏銘
622,新北市新莊區思源路23號6F,02-89944716,6560,欣普羅光電股份有限公司,欣普羅,174928460,19991005,光電業,勤業眾信聯合會計師事務所,日盛證券(股)公司股務代理部,陳義文
623,台北市內湖區瑞光路68號2樓,(02)2792-0087,6561,是方電訊股份有限公司,是方,702248810,19910119,通信網路業,勤業眾信聯合會計師事務所,元大證券股份有限公司股務代理部,吳彥宏
624,新竹縣竹北市成功十二街28號8樓,(03)5506228,6568,宏觀微電子股份有限公司,宏觀,251009000,20061106,半導體業,安永聯合會計師事務所,中國信託商業銀行代理部,林坤禧
625,新北市新店區寶橋路235巷135號2樓,(02)8919-1699,6569,醫揚科技股份有限公司,醫揚,220082180,20100202,生技醫療業,資誠聯合會計師事務所,台新銀行股務代理部,莊永順
626,新北市中和區建一路186號15樓之1,(02)8226-2883,6570,維田科技股份有限公司,維田,271046640,20040421,電腦及週邊設備業,勤業眾信聯合會計師事務所,元富證券股份有限公司,李傳德
627,台北市大安區忠孝東路四段310號6樓,02-2775-1225,6574,霈方國際股份有限公司,霈方,219900000,20021002,生技醫療業,資誠聯合會計師事務所,永豐金證券股份有限公司,呂慶盛
628,台北市南港區三重路19-3號9樓之2,(02)77500199,6576,逸達生物科技股份有限公司,逸達,1003336510,20130208,生技醫療業,資誠聯合會計師事務所,中國信託商業銀行代理部,簡銘達
629,台北市內湖區環山路一段30號1樓,02-26591106,6577,勁豐電子股份有限公司,勁豐,382548700,20000529,電腦及週邊設備業,勤業眾信聯合會計師事務所,元大證券(股)公司股務代理部,杜懷琪
630,台南市安南區工業三路52號,(06)384-0772,6578,達邦蛋白股份有限公司,達邦蛋白,293624110,20011228,農業科技,資誠聯合會計師事務所,日盛證券(股)公司股務代理部,劉郁芬
631,新北市汐止區康寧街169巷101號,(02)7708-1666,6589,台康生技股份有限公司,台康生技,1691978250,20121221,生技醫療業,資誠聯合會計師事務所,凱基證券股份有限公司股務代理部,李重和
632,台北市信義區忠孝東路四段560號4樓,23451600,6590,普鴻資訊股份有限公司,普鴻,182912500,20000722,資訊服務業,勤業眾信聯合會計師事務所,群益金鼎證券股份有限公司,林群國
633,桃園市龜山區華亞一路36號,03-3272688,6593,台灣銘板股份有限公司,台灣銘板,201709010,19701204,資訊服務業,勤業眾信聯合會計師事務所,台新國際商業銀行股務代理部,王挺榮
634,台北市南港區南港路一段209號5樓,(02)2655-9990,6594,展匯科技股份有限公司,展匯科,205523000,20150804,半導體業,資誠聯合會計師事務所,福邦證券股份有限公司,張琦棟
635,臺北市中山區樂群二路267號6樓,(02)2532-9111,6596,寬宏藝術經紀股份有限公司,寬宏藝術,278300000,20041105,文化創意業,勤業眾信聯合會計師事務所,福邦證券股份有限公司股務代理部,林建寰
636,台南市關廟區埤頭里保東路269號,06-5964038,6603,富強鑫精密工業股份有限公司,富強鑫,1476488480,19910717,電機機械,安永聯合會計師事務所,中國信託商業銀行代理部,王伯壎
637,桃園市平鎮區延平路三段505號,03-4643674,6609,台灣瀧澤科技股份有限公司,瀧澤科,724562460,19710724,電機機械,勤業眾信聯合會計師事務所,群益金鼎證券股份有限公司,瀧澤修三
638,新竹縣竹北市生醫路2段16號4樓,03-6579533,6612,應用奈米醫材科技股份有限公司,奈米醫材,337319000,20110714,生技醫療業,安侯建業聯合會計師事務所,台新國際商業銀行股務代理部,樂亦宏
639,新竹縣竹北市嘉豐南路二段76號10樓之1,(03)6676869,6613,朋億股份有限公司,朋億,339280000,19970613,其他電子業,安侯建業聯合會計師事務所,凱基證券股份有限公司股務代理部,梁進利
640,台北市中正區重慶南路1段66之1號4樓之2,(02)2382 6612,6615,慧智基因股份有限公司,慧智,212152000,20120615,生技醫療業,資誠聯合會計師事務所,福邦證券股份有限公司股務代理部,蘇怡寧
641,"4F,Harbour Place,103 South Church St,POBox10240 CaymanIsland",+60-6-9872881,6616,特昇國際股份有限公司,特昇-KY,236250000,20160614,其他,安侯建業聯合會計師事務所,永豐金證券股份有限公司,黃世高
642,台中市西屯區龍富路五段261號,04-22550178,6624,萬年清環境工程股份有限公司,萬年清,180000000,19990226,其他,安永聯合會計師事務所,群益金鼎證券股份有限公司,何家慶
643,台北市松山區南京東路三段287號4樓,02-25149961,6629,泰金投資控股股份有限公司,泰金-KY,335300000,20160203,其他,安侯建業聯合會計師事務所,中國信託商業銀行代理部,許大進
644,新北市土城區民生街2-1號,22680665,6640,均華精密工業股份有限公司,均華,282765000,20101015,半導體業,資誠聯合會計師事務所,凱基證券(股)公司股務代理部,梁又文
645,新北市五股區五工五路60號,02-89902110,6642,富致科技股份有限公司,富致,313996620,19991202,電子零組件業,資誠聯合會計師事務所,永豐金證券股務代理部,陳繼聖
646,新竹縣竹北市台元二街1號4樓之9,(03)560-1868,6643,&#20870;星科技股份有限公司,M31,313180000,20111021,半導體業,勤業眾信聯合會計師事務所,永豐金證券股份有限公司股代部,林孝平
647,新竹科學園區新竹縣竹北市生醫路二段26-1號6樓,03-6683099,6649,台灣生醫材料股份有限公司,台生材,330000000,20121112,生技醫療業,資誠聯合會計師事務所,元大證券股務代理部,呂俊德
648,高雄市仁武區鳳仁路295-2號,(07)371-0670,6654,天正國際精密機械股份有限公司,天正國際,331027200,20121226,其他電子業,勤業眾信聯合會計師事務所,台新國際商業銀行股務代理部,周倩玉
649,台北市南港區重陽路316號3樓,02-26518969,6662,樂斯科生物科技股份有限公司,樂斯科,256124000,20010510,生技醫療業,勤業眾信聯合會計師事務所,元富證券股份有限公司,陳振忠
650,桃園市楊梅區和平路188號,03-4856336,6664,群翊工業股份有限公司,群翊,550000000,19900124,電子零組件業,安侯建業聯合會計師事務所,福邦證券股份有限公司股務代理部,陳安順
651,苗栗縣竹南鎮公義里友義路66號,037-580792,6667,信紘科技股份有限公司,信紘科,350738780,19951017,其他電子業,勤業眾信聯合會計師事務所,第一金證券(股)公司股務代理部,簡士堡
652,新竹科學園區篤行路6-1號5樓,035777390,6679,鈺太科技股份有限公司,鈺太,412733350,20051212,半導體業,勤業眾信聯合會計師事務所,凱基證券股份有限公司,邱景宏
653,新北市中和區中正路738號2樓之3,(02)82280100,6680,鑫創電子股份有限公司,鑫創電子,175000000,20090320,電腦及週邊設備業,安侯建業聯合會計師事務所,兆豐證券股份有限公司股務代理部,許育瑞
654,新竹縣竹北市莊敬北路431號,03-550-1128,6683,雍智科技股份有限公司,雍智科技,270756610,20060911,半導體業,勤業眾信聯合會計師事務所,凱基證券股份有限公司股務代理部,李職民
655,台北市信義區忠孝東路四段563號8樓,02-2756-6286,6690,安碁資訊股份有限公司,安碁資訊,163396000,20000529,資訊服務業,安侯建業聯合會計師事務所,台新國際商業銀行股務代理部,施宣輝
656,台北市南港區三重路19-8號5樓,26551010,6697,東捷資訊服務股份有限公司,東捷資訊,273233640,19901201,資訊服務業,資誠聯合會計師事務所,台新國際商業銀行股份有限公司,高尚偉
657,新竹市公道五路三段1號6樓之6,03-5728998,6716,應廣科技股份有限公司,應廣,221800000,20050217,半導體業,安永聯合會計師事務所,兆豐證券股份有限公司股務代理部,唐燦弼
658,台北市內湖區行善路132號5樓,(02)2162-1680,6803,崑鼎投資控股股份有限公司,崑鼎,671051480,19991213,其他,資誠聯合會計師事務所,凱基證券股份有限公司股務代理部,廖俊吉吉
659,台北市內湖區洲子街105及107號4樓,02-87510549,7402,邑錡股份有限公司,邑錡,222247690,20031106,光電業,勤業眾信聯合會計師事務所,台新國際商業銀行股務代理部,陳世哲
660,新竹市光復路2段295號9樓之1,03-5736661,8024,佑華微電子股份有限公司,佑華,451601000,19920728,半導體業,勤業眾信聯合會計師事務所,永豐金證券股份有限公司,林振興
661,高雄市燕巢區橫山路六十一號,(07)6155511,8027,鈦昇科技股份有限公司,鈦昇,814617510,19941028,電機機械,國富浩華聯合會計師事務所,永豐金證券股份有限公司,王明慶
662,新北市汐止區新台五路一段79號9樓之7,(02)26981147,8032,光菱電子股份有限公司,光菱,518103000,19870815,電子通路業,勤業眾信會計師事務所,台新國際商業銀行股務代理部,呂全福
663,新竹科學工業園區工業東九路五號３樓,03-5789788,8034,榮群電訊股份有限公司,榮群,628737250,19920420,通信網路業,資誠聯合會計師事務所,永豐金證券股務代理部,王慶橖
664,(407)中部科學工業園區台中市西屯區科雅東路9號,04-25658368,8038,長園科技實業股份有限公司,長園科,598141900,19970828,電子零組件業,資誠聯合會計師事務所,元大證券股份有限公司,張李琇玉
665,新竹市光復路2段2巷47號10樓之1,03-5750475,8040,九暘電子股份有限公司,九暘,672160740,19970719,半導體業,資誠聯合會計師事務所,永豐金證券股份有限公司,羅瑞祥
666,新北市三重區光復路一段六十八巷十一弄一號二樓,(02)29950202,8042,臺灣金山電子工業股份有限公司,金山電,1220308680,19700320,電子零組件業,昊興聯合會計師事務所,福邦證券股務代理部,江士勳
667,台北市內湖區內湖路1段316號8樓,(02)27995753,8043,蜜望實企業股份有限公司,蜜望實,799071700,19890520,電子零組件業,資誠聯合會計師事務所,凱基證券股份有限公司,林訓民
668,台北市敦化南路二段105號12樓,2709-5021,8044,網路家庭國際資訊股份有限公司,網家,1171594460,19980714,電子商務,安侯建業會計師事務所,台新國際商業銀行股務代理部,詹宏志
669,新北市汐止區福德二路236號4樓,02 26935690,8047,星雲電腦股份有限公司,星雲,416663430,19890420,其他電子業,安侯建業聯合會計師事務所,日盛證券股份有限公司,賴金森
670,台北市南港路三段50巷1號3樓,02-27863012,8048,德勝科技股份有限公司,德勝,532649380,19810714,通信網路業,勤業眾信聯合會計師事務所,元大證券股份有限公司,林坤銘
671,新北市汐止區新台五路一段116號4樓,(02)2696-7196,8049,晶采光電科技股份有限公司,晶采,1182798080,19980317,光電業,安侯建業聯合會計師事務所,永豐金證券股份有限公司,蘇漢傑
672,台北市南港區園區街3-1號11樓,26557388,8050,廣積科技股份有限公司,廣積,1770997730,20000215,電腦及週邊設備業,勤業眾信會計師事務所,台新國際商業銀行股務代理部,林秋旭
673,臺北市南港區三重路66號9樓,(02)2783-7166,8054,安國國際科技股份有限公司,安國,758208860,19991123,半導體業,資誠聯合會計師事務所,福邦證券股份有限公司,張琦棟
674,新北市土城區中山路64號,02-2664-0102,8059,凱碩科技股份有限公司,凱碩,1886180000,19980626,通信網路業,資誠聯合會計師事務所,元富證券股份有限公司股務代理部,沈軾榮
675,南部科學園區台南市新市區南科六路9號,(06)5051195,8064,東捷科技股份有限公司,東捷,1648178360,19980501,光電業,勤業眾信聯合會計師事務所,群益金鼎證券股份有限公司,嚴瑞雄
676,臺北市內湖區新湖一路86號3樓,(02)87925162,8066,來思達國際企業股份有限公司,來思達,301523040,19961219,貿易百貨,資誠聯合會計師事務所,群益金鼎證券(股)公司,謝采琁
677,新北市三重區新北大道二段260號十四樓,02-29953632,8067,志旭國際股份有限公司,志旭,250000000,19890324,電子通路業,安侯建業會計師事務所,日盛證券股務代理部,陳曜芳
678,新北市新店區中正路531-1號2樓,02-22186501,8068,全達國際股份有限公司,全達,686599920,19970515,電子通路業,勤業眾信聯合會計師事務所,中國信託商業銀行代理部,陳文琦
679,新竹市科學工業園區力行一路3號,03-5795072,8069,元太科技工業股份有限公司,元太,11404677150,19920616,光電業,勤業眾信聯合會計師事務所,永豐金證券股份有限公司,李政昊
680,新北市汐止區康寧街169巷27號13樓之一,02-26923232,8071,能率網通股份有限公司,能率網通,518542830,19930629,電子零組件業,佳明聯合會計師事務所,華南永昌綜合證券股份有限公司,胡湘麒
681,台南市佳里區海澄里萊芊寮12-27號,06-7266331,8074,鉅橡企業股份有限公司,鉅橡,865019560,19960201,電子零組件業,勤業眾信聯合會計師事務所,華南永昌綜合證券股份有限公司,莊煌星
682,新北市汐止區新台五路一段七十五號十樓,(02)26981451,8076,伍豐科技股份有限公司,伍豐,2591586920,19950117,電腦及週邊設備業,資誠聯合會計師事務所,兆豐證券股份有限公司股務代理部,徐明哲
683,臺北市中山區南京東路2段69號3樓,02-2563-3115,8077,洛碁實業股份有限公司,洛碁,1097283430,19940722,觀光事業,安侯建業聯合會計師事務所,兆豐證券股份有限公司,謝憲治
684,台北市中正區重慶南路一段83號10樓,(02)2782-0019,8080,永利聯合股份有限公司,永利聯合,882916040,19931206,電子零組件業,卓群聯合會計師事務所,永豐金證券股份有限公司,王建翔
685,新北市新莊區新北產業園區五權三路八號,89903120,8083,瑞穎股份有限公司,瑞穎,351331930,19971110,電機機械,安永聯合會計師事務所,元富證券股份有限公司股務代理部,陳柏峰
686,新北市中和區連城路258號9樓之1,82271296,8084,巨虹電子股份有限公司,巨虹,670944330,19931206,電子通路業,廣信益群聯合會計師事務所,中國信託商業銀行,鄭月卿
687,台北市中山北路三段22號,(02)26735889,8085,福華電子股份有限公司,福華,1572572420,19700831,其他電子業,安永聯合會計師事務所,統一綜合證券股份有限公司,陳慈德
688,南部科學工業園區台南市新市區大利一路6號,06-5051723,8086,宏捷科技股份有限公司,宏捷科,1547161230,19981230,半導體業,資誠聯合會計師事務所,富邦綜合證券股份有限公司,祁幼銘
689,新北市汐止區大同路二段165號3樓,02-86926536,8087,華鎂鑫科技股份有限公司,華鎂鑫,298689650,19970822,光電業,揚智聯合會計師事務所,日盛證券股份有限公司股務代理部,楊慶堂
690,台北市內湖區成功路五段４６０號 9 樓,02-2631-8629,8088,品安科技股份有限公司,品安,609217499,19940201,半導體業,立本台灣聯合會計師事務所,富邦綜合證券股份有限公司,謝吳沛
691,新竹巿香山區牛埔南路221號,(03)5490180,8091,翔名科技股份有限公司,翔名,446628640,19911227,電子零組件業,勤業眾信聯合會計師事務所,元大證券股份有限公司,吳宗豐
692,高雄市鳳山區鎮北里鎮北北巷20-16號,07-7314976,8092,建暐精密科技股份有限公司,建暐,388506160,19840614,其他電子業,資誠聯合會計師事務所,統一綜合證券(股)公司股務代理部,李聰林
693,"桃園市經國路888號2樓之1,之2",03-3466626,8093,保銳科技股份有限公司,保銳,642084930,19900401,電子零組件業,資誠聯合會計師事務所,統一綜合證券股務代理部,蘇彥文
694,台北市南港區園區街3-2號13樓,2655-7189,8096,擎亞電子股份有限公司,擎亞,1396239500,19971121,電子通路業,資誠聯合會計師事務所,群益金鼎證券股份有限公司,李熙俊
695,新北市樹林區博愛街236號1樓,02 86856178,8097,常珵科技股份有限公司,常珵,266743060,19860617,通信網路業,日正聯合會計師事務所,台新國際商業銀行股份有限公司,林銜錄
696,台北市中山北路三段22號,(02)25957606,8099,大同世界科技股份有限公司,大世科,885600000,20000505,資訊服務業,安永聯合會計師事務所,統一綜合證券股份有限公司,沈柏延
697,台南市安定區中沙里沙崙4-12號,06-5933248,8107,大億金茂股份有限公司,大億金茂,750000000,19980105,電機機械,資誠聯合會計師事務所,台新國際商業銀行股務代理部,吳俊億
698,台中市工業區22路36號,(04)23591337,8109,博大科技股份有限公司,博大,726094040,19920616,電子零組件業,安侯建業聯合會計師事務所,凱基證券股份有限公司,廖本崇
699,238新北市樹林區博愛街238號,02-77036288,8111,立碁電子工業股份有限公司,立碁,1111022230,19890627,光電業,國富浩華聯合會計師事務所,元大證券股份有限公司股務代理部,童義興
700,台北市內湖區基湖路39號8樓,02-2659-9511,8121,越峰電子材料股份有限公司,越峰,1829937430,19910905,電子零組件業,勤業眾信聯合會計師事務所,本公司股務部,吳亦圭
701,新北市汐止區康寧街169巷31號2樓,02-86951177,8147,正淩精密工業股份有限公司,正淩,305276560,19861021,電子零組件業,資誠聯合會計師事務所,群益金鼎證券股份有限公司,徐季麟
702,桃園市龍潭區烏林里工二路128號,03-4992501,8155,博智電子股份有限公司,博智,497560000,19950426,電子零組件業,安侯建業聯合會計師事務所,中國信託商業銀行股份有限公司,張永青
703,新北市新店區民權路130巷8號5樓,02-2218-5428,8171,天宇工業股份有限公司,天宇,507232300,19831001,通信網路業,勤業眾信聯合會計師事務所,福邦證券股份有限公司,吳祖榆
704,30078新竹市科學工業園區新安路8號5樓,03-5773359,8176,智捷科技股份有限公司,智捷,725000000,19950310,通信網路業,資誠聯合會計師事務所,永豐金證券(股)公司股務代理部,凡恩科技股份有限公司
705,高雄市大寮區大發工業區華東路39號,07-7871557,8182,加高電子股份有限公司,加高,1070412150,19761122,電子零組件業,資誠聯合會計師事務所,凱基證券股份有限公司股務代理部,楊瑞陽
706,新竹縣湖口鄉鳳凰村實踐路12號,03-5977553,8183,台灣精星科技股份有限公司,精星,1212510680,19901215,其他電子業,勤業眾信聯合會計師事務所,台灣精星股務辦事處,焦佑衡
707,新北市中和區中正路920號9樓,(02)8226-7782,8234,新漢股份有限公司,新漢,1412264720,19921114,電腦及週邊設備業,資誠聯合會計師事務所,台新國際商業銀行股務代理部,林茂昌
708,高雄市前金區中正四路235號11樓6-7室,07-9717787,8240,華宏新技股份有限公司,華宏,1000044140,19730809,光電業,勤業眾信聯合會計師事務所,台新國際商業銀行股份有限公司,張瑞欽
709,桃園縣蘆竹鄉南崁路2段22號1樓,03-3119977,8255,朋程科技股份有限公司,朋程,915130000,19981117,電機機械,勤業眾信會計師事務所,朋程科技股份有限公司 股務室,盧明光
710,台北市內湖區瑞光路513巷22弄5號3樓,(02)87971218,8277,商丞科技股份有限公司,商丞,916288330,19940516,半導體業,國富浩華聯合會計師事務所,群益金鼎證券股份有限公司,程慶中
711,台南市新營區開元路154號A棟,(06)6361964,8279,生展生物科技股份有限公司,生展,271008510,19990428,生技醫療業,資誠聯合會計師事務所,群益金鼎證券股務代理部,陳威仁
712,(10459)台北市新生北路二段39號11樓,25671968,8284,三竹資訊股份有限公司,三竹,411920000,19910530,資訊服務業,資誠聯合會計師事務所,兆豐證券股份有限公司,邱宏哲
713,新北市樹林區樹潭街5號,8675-1427,8289,泰藝電子股份有限公司,泰藝,683337650,20000323,電子零組件業,勤業眾信聯合會計師事務所,中國信託商業銀行代理部,宋勝泰
714,桃園市大園區濱海路二段208號,03-386-4309,8291,尚茂電子材料股份有限公司,尚茂,760240000,19971203,電子零組件業,勤業眾信聯合會計師事務所,褔邦證券股份有限公司,佐佐木Beji
715,新竹縣竹北市復興一街251號10樓之6,037-587699,8299,群聯電子股份有限公司,群聯,1970739930,20001108,半導體業,勤業眾信聯合會計師事務所,宏遠證券股份有限公司,潘健成
716,彰化縣埤頭鄉崙腳村興工路四號,(04)8921953,8342,益張實業股份有限公司,益張,335366920,19870504,其他,勤業眾信聯合會計師事務所,台新國際商業銀行股務代理部,陳新約
717,台南市東區長榮路一段203號3樓,06-2082072,8349,恒耀國際股份有限公司,恒耀國際,1263829660,19850410,鋼鐵工業,勤業眾信聯合會計師事務所,中國信託商業銀行代理部,吳榮彬
718,南投縣南投市成功三路239號,049-2261997,8354,冠好科技股份有限公司,冠好,785322630,19920702,塑膠工業,安侯建業聯合會計師事務所,台新國際商業銀行股務代理部,楊文章
719,台北市內湖區瑞光路392號8樓,02-6615-5588,8358,金居開發股份有限公司,金居,2525880000,19980522,電子零組件業,勤業眾信聯合會計師事務所,中國信託商業銀行 代理部,宋恭源
720,桃園市蘆竹區南崁路一段99號9樓,03-3220055,8383,千附實業股份有限公司,千附,1181924820,19820428,其他電子業,勤業眾信聯合會計師事務所,統一綜合證券股份有限公司,張瓊如
721,新竹市西濱路六段五九九號,(03)5182968,8390,金益鼎企業股份有限公司,金益鼎,964019870,19970410,其他,安侯建業聯合會計師事務所,元大證券股份有限公司,莊清旗
722,台中市太平區祥順路1段116號,04-36118050,8401,白紗科技印刷股份有限公司,白紗科,627296800,20000327,其他,安永聯合會計師事務所,福邦證券股份有限公司,林衍束
723,桃園市經國路168號19樓,03-3164312,8403,盛弘醫藥股份有限公司,盛弘,1023096490,20031104,生技醫療業,勤業眾信聯合會計師事務所,群益金鼎證券股份有限公司,楊弘仁
724,台中市大雅區科雅二路8號,04-25658336,8406,"Ginko International Co., Ltd.",金可-KY,924504720,20070611,生技醫療業,安侯建業聯合會計師事務所,永豐金證券(股)公司股務代理部,蔡國洲
725,(11493)台北市內湖路一段516號5樓,(02)8751-3300,8409,商之器科技股份有限公司,商之器,280000000,19880119,生技醫療業,勤業眾信會計師事務所,華南永昌綜合證券股份有限公司,盤文龍
726,台南市安南區科技五路85號,(06)3843057,8410,森田印刷廠股份有限公司,森田,365892000,19720908,電腦及週邊設備業,安侯建業聯合會計師事務所,中國信託商業銀行代理部,黃樟山
727,(717)台南市仁德區義林路122號,06-2706354,8415,大成國際鋼鐵股份有限公司,大國鋼,10315000000,20070712,鋼鐵工業,勤業眾信聯合會計師事務所,統一綜合證券股份有限公司,謝麗雲
728,台北市內湖區行愛路78巷28號5樓之5,02-2795-2338,8416,實威國際股份有限公司,實威,282107100,20050707,資訊服務業,資誠聯合會計師事務所,群益金鼎證券股份有限公司,李建興
729,"PO Box 309,Ugland House,Grand Cayman,KY1-1104,Cayman Islands",(02)23881891,8418,捷必勝控股股份有限公司,捷必勝-KY,783590000,20100210,其他,勤業眾信聯合會計師事務所,凱基證券股務代理部,林永車
730,(900)屏東縣屏東市前進里經建路38號,08-7513163,8420,明揚國際科技股份有限公司,明揚,509900000,20060728,其他,資誠聯合會計師事務所,台新國際商業銀行股務代理部,劉安(日+告)
731,新竹縣湖口鄉新竹工業區中華路122-18號,03-5982738,8421,旭源包裝科技股份有限公司,旭源,548171400,20041026,其他,勤業眾信聯合會計師事務所,第一金證券股份有限公司,黃南源
732,"Marquee Place, Suite 300, 430 West Bay Road, P.O.Box 32052,",603-3176 1045,8423,保綠資源股份有限公司,保綠-KY,220750000,20091103,其他,安侯建業聯合會計師事務,元富證券股務代理部,陳東興
733,台北市大同區鄭州路139號5樓之1,(02)2557-0106,8424,惠普股份有限公司,惠普,360543680,19811130,建材營造,安永聯合會計師事務所,群益金鼎證券股份有限公司,張世宗
734,"190 Elgin Avenue, George Town Grand Cayman,Cayman Islands",(02)2778-9132,8426,紅木集團有限公司,紅木-KY,502425000,20100820,其他,勤業眾信聯合會計師事務所,凱碁證券股份有限公司,蘇聰明
735,(114)台北市內湖區新湖一路151號7樓,02-87913426,8431,匯鑽科技股份有限公司,匯鑽科,444554820,20080924,其他電子業,勤業眾信聯合會計師事務所,中國信託商業銀行代理部,李素白
736,台北市南港區園區街3之1號3樓之1,02-26558526,8432,東生華製藥股份有限公司,東生華,383981400,20100901,生技醫療業,安侯建業聯合會計師事務所,群益金鼎證券股份有限公司,張志猛
737,台北市內湖區內湖路一段360巷17號5樓,(02)87971000,8433,弘帆股份有限公司,弘帆,525776000,19850328,貿易百貨,勤業眾信聯合會計師事務所,富邦綜合證券股份有限公司,朱鵬飛
738,新北市汐止區新台五路一段77號5樓之4,02-26988362,8435,台灣鉅邁股份有限公司,鉅邁,317004500,19770901,其他,勤業眾信聯合會計師事務所,華南永昌綜合證券股務代理部,丁敏學
739,(11494)台北市內湖區港墘路187號8樓,(02)7720-6691,8436,大江生醫股份有限公司,大江,1196171690,19800822,生技醫療業,資誠聯合會計師事務所,富邦綜合證券(股)公司股務代理部,林詠翔
740,台北市衡陽路51號11樓217室,07562616945,8437,大地幼教股份有限公司,大地-KY,478510700,20080522,其他,資誠聯合會計師事務所,永豐金證券股務代理部,程釱坤
741,32669桃園市楊梅區頭湖里泰圳路313巷128號,02-2381-9000,8440,綠電再生股份有限公司,綠電,380002250,19980805,其他,安侯建業聯合會計師事務所,凱基證券股份有限公司,洪敏昌
742,"222 Moo 4, T.Thachang, A.Bangklum, Songkhla, Thailand",6674268782,8444,綠河股份有限公司,綠河-KY,737703000,20110114,其他,安侯建業聯合會計師事務所,台新國際商業銀行股務代理部,謝榮輝
743,(104)台北市中山區建國北路二段135號15樓,02-25079569,8446,華研國際音樂股份有限公司,華研,529144050,19990501,文化創意業,資誠聯合會計師事務所,兆豐證券股份有限公司股務代理部,呂燕清
744,台北市南港區南港路1段209號A 棟6樓,(02)8978-0666,8450,霹靂國際多媒體股份有限公司,霹靂,513099470,19960702,文化創意業,資誠聯合會計師事務所,中國信託商業銀行(股)公司代理部,黃文章
745,"190 ElginAvenue,George Town, Grand Cayman KY1-9005,Cayman",0,8455,蓋曼群島商日本大拓股份有限公司,大拓-KY,252190560,20140107,其他電子業,勤業眾信聯合會計師事務所,康和綜合證券股份有限公司,佐佐木Beji
746,台北市大安區市民大道四段100號4樓,02-2741-4271,8472,夠麻吉股份有限公司,夠麻吉,183388000,20100712,電子商務,安永聯合會計師事務所,中國信託商業銀行 代理部,吳怡達
747,高雄市苓雅區中正二路175號26樓之3,(07)222-9338,8476,台境企業股份有限公司,台境,605103370,20031223,其他,安侯建業聯合會計師事務所,兆豐證券股份有限公司股務代理部,郭人豪
748,台北市南港區三重路19-3號5樓,02-26550329,8477,創業家兄弟股份有限公司,創業家,249611140,20120503,電子商務,勤業眾信聯合會計師事務所,群益金鼎證券股務代理部,郭書齊
749,新北市三重區重新路五段609巷2號5樓,02-2995-9255,8489,三貝德數位文創股份有限公司,三貝德,377524140,20061030,文化創意業,安永聯合會計師事務所,台新國際商業銀行股務代理部,史勇信
750,台中市西屯區工業二路三號,04-23500210,8905,裕國冷凍冷藏股份有限公司,裕國,1194400000,19900530,其他,安侯建業聯合會計師事務所,群益金鼎證券股份有限公司,楊連發
751,新北市土城區中山路六十五號,2267-3789,8906,花王企業股份有限公司,花王,340373700,19680731,其他,資誠聯合會計師事務所,福邦證券股份有限公司,謝宗翰
752,高雄市鳳山區國泰路一段99號,(07)7100321,8908,欣雄天然氣股份有限公司,欣雄,1802505340,19860416,油電燃氣業,安永聯合會計師事務所,元大證券(股)公司股務代理部,朱坤塗
753,台北市敦化南路二段105號16樓,02-27092555,8916,光隆實業股份有限公司,光隆,1485074970,19660217,其他,勤業眾信聯合會計師事務所,凱基證券股份有限公司,詹賀博
754,新北市土城區中華路2段221號,(02)80753655,8917,欣泰石油氣股份有限公司,欣泰,1222032000,19860106,油電燃氣業,勤業眾信會計師事務所,元大證券股份有限公司,莊鴻文
755,新北市土城區中央路1段365巷7號3樓,(02)2270-6111,8921,沈氏藝術印刷股份有限公司,沈氏,465921590,19771215,其他,國富浩華聯合會計師事務所,永豐金證券股份有限公司,陳正剛
756,台北市萬華區和平西路3段240號1至7樓,(02)23025638,8923,時報文化出版企業股份有限公司,時報,303758000,19851105,文化創意業,勤業眾信聯合會計師事務所,富邦綜合證券股份有限公司,趙政岷
757,屏東縣內埔鄉豐田村建富路8號,08-7792922,8924,大田精密工業股份有限公司,大田,838000000,19880718,其他,展立聯合會計師事務所,凱基證券股份有限公司,李孔文
758,新北市板橋區新海路137號,(02)2259-9232,8927,北基國際股份有限公司,北基,1918331660,19881216,油電燃氣業,安侯建業聯合會計師事務所,永豐金證券股份有限公司,鍾嘉村
759,高雄市大寮區光明路一段121巷53號,07-7876001,8928,鉅明股份有限公司,鉅明,508540150,19730625,其他,安侯建業聯合會計師事務所,華南永昌綜合證券股務代理部,林進能
760,台北市中正區忠孝東路2段130號2樓之3,03-312-8974,8929,富堡工業股份有限公司,富堡,505808620,19770829,其他,正風聯合會計師事務所,永豐金證券股份有限公司,林煥強
761,台南市官田區二鎮里工業路九號,(06)6990272,8930,青鋼應用材料股份有限公司,青鋼,806694060,19820806,鋼鐵工業,安侯建業聯合會計師事務所,福邦證券股份有限公司,陳清安
762,桃園市大園區北港里14鄰潮音北路276號,(03)3851880,8931,大園汽電共生股份有限公司,大汽電,1222548620,19930814,油電燃氣業,勤業眾信聯合會計師事務所,富邦綜合證券股份有限公司,李肖宗
763,台北市內湖區洲子街196號7樓,(02)2627-1827,8932,宏大拉鍊股份有限公司,宏大,488000000,19780218,其他,勤業眾信聯合會計師事務所,統一綜合證券股份有限公司,鍾富瑋
764,台中市梧棲區港埠路一段497號,04-26393247,8933,愛地雅工業股份有限公司,愛地雅,2342507460,19800916,其他,勤業眾信聯合會計師事務所,愛地雅工業股份有限公司股務室,張元賓
765,台北市信義區信義路四段460號19樓之1,02-77182919,8934,衡平股份有限公司,衡平,85105110,19871220,其他,安侯建業聯合會計師事務所,群益金鼎證券股份有限公司,趙元旗
766,台中市潭子區豐興路二段龍興巷23-6號,04-25384120,8935,邦泰複合材料股份有限公司,邦泰,843000000,19821221,其他,安永聯合會計師事務所(原致遠),群益金鼎證券股份有限公司,亨利通投資股份有限公司代表人:沈茂根
767,屏東縣新園鄉媽祖路400號,07-5575300,8936,國統國際股份有限公司,國統,2492241570,19780715,其他,安侯建業聯合會計師事務所,福邦證券股份有限公司,梁家源
768,嘉義縣義竹鄉義竹工業區義工二路二號,05-3427208,8937,合騏工業股份有限公司,合騏,724788000,19751009,其他,正風聯合會計師事務所,台新國際商業銀行股務代理部,謝菁菁
769,高雄市小港區中林路26號,07-8716242,8938,明安國際企業股份有限公司,明安,1353127220,19870720,其他,資誠聯合會計師事務所,凱基證券股份有限公司股務代理部,鄭錫潛
770,台北市內湖區瑞光路298號9樓,02-26591060,8941,關中股份有限公司,關中,276459070,19760326,貿易百貨,安侯建業聯合會計師事務所,凱基證券股份有限公司,洪文照
771,台南市歸仁區中山路一段411號7樓,06-2392359,8942,森鉅科技材料股份有限公司,森鉅,1658400800,19940909,其他,勤業眾信會計師事務所,兆豐證券(股)公司,鄭憲得
772,8 Wilkie Road #03-01 Wilkie Edge Singapore,+65-6545-9016,911613,特藝石油能源有限公司,特藝-DR,69854000,20020618,存託憑證,石林特許會計師事務所,元大證券股務代理部,丹斯里 納登 億路馬來
773,新北市永和區成功路一段80號22樓,(02)77055188,9949,琉園股份有限公司,琉園,470333600,19940407,文化創意業,勤業眾信聯合會計師事務所,元富證券股份有限公司,王永山
774,台南市711歸仁區中正南路二段1號,06-2399427,9950,萬國通路股份有限公司,萬國通,1477160000,19790425,塑膠工業,安永聯合會計師事務所,福邦證券股份有限公司股務代理部,謝明振
775,台南市永康區王行里16鄰永科五路6號,(06)2010999,9951,皇田工業股份有限公司,皇田,749000000,19830725,電機機械,資誠聯合會計師事務所,群益金鼎證券股份有限公司,周幼珊
776,高雄市苓雅區海邊路29號2樓,07-3302074,9960,邁達康網路事業股份有限公司,邁達康,335925000,20000214,貿易百貨,勤業眾信聯合會計師事務所,元大證券股份有限公司股務代理部,吳沖
777,高雄市永安區永工十路2號,07-6214979,9962,有益鋼鐵股份有限公司,有益,902202600,19960129,鋼鐵工業,國富浩華聯合會計師事務所,褔邦證券股份有限公司,劉憲同
