Time,Sex,Age,eduation,Job,stage,Money,Target,A,B,C,D,E,F,G,H,I,J,K,L,M,N,O,P,Q,R,S,T,U,V,W,X,Y,Z,AA,AB,AC,AD,AE,AF,AG,AH,AI,AJ,AK
2020-5-21 下午12:21:30,女,21~30歲,大專院校,學生,全職學生,20000元以下,是,非常同意,非常同意,非常同意,非常同意,非常同意,非常同意,非常同意,同意,同意,非常同意,同意,非常同意,非常同意,非常同意,非常同意,同意,非常同意,同意,同意,同意,非常同意,同意,非常同意,同意,非常同意,非常同意,同意,普通,普通,同意,非常不同意,普通,非常不同意,普通,非常不同意,非常不同意,同意
2020-5-21 下午12:22:29,男,21~30歲,大專院校,學生,全職學生,50001元以上,否,非常不同意,非常不同意,非常不同意,非常不同意,非常不同意,非常不同意,非常不同意,非常不同意,非常同意,同意,非常同意,普通,普通,普通,同意,非常同意,同意,非常同意,同意,普通,非常同意,同意,普通,非常不同意,普通,非常同意,非常同意,同意,不同意,同意,非常同意,普通,普通,非常不同意,非常同意,非常同意,普通
2020-5-21 下午12:23:09,女,21~30歲,大專院校,學生,兼職,20000元以下,否,同意,普通,同意,普通,非常同意,同意,普通,普通,非常同意,非常同意,同意,同意,非常同意,同意,同意,非常同意,非常同意,同意,非常同意,同意,同意,同意,非常同意,非常同意,非常同意,同意,同意,普通,非常同意,同意,普通,普通,普通,普通,普通,非常同意,同意
2020-5-21 下午12:23:41,女,21~30歲,大專院校,學生,兼職,20000元以下,是,同意,同意,同意,同意,同意,同意,同意,同意,同意,同意,同意,同意,同意,同意,同意,同意,普通,普通,同意,普通,普通,普通,普通,同意,普通,普通,普通,不同意,普通,普通,普通,普通,普通,普通,普通,普通,普通
2020-5-21 下午12:24:57,男,21~30歲,大專院校,自由業,待業,40001~50000元,否,非常同意,非常同意,非常同意,非常同意,非常同意,普通,普通,同意,非常同意,非常同意,同意,非常同意,非常同意,非常同意,普通,同意,非常同意,非常同意,非常同意,非常同意,非常同意,非常同意,非常同意,同意,非常同意,非常同意,同意,同意,同意,普通,普通,普通,普通,同意,同意,同意,同意
2020-5-21 下午12:28:52,女,21~30歲,大專院校,學生,兼職,20000元以下,是,普通,普通,普通,普通,普通,普通,普通,普通,普通,普通,普通,普通,普通,普通,普通,普通,普通,普通,普通,普通,普通,普通,普通,普通,普通,普通,普通,普通,普通,普通,普通,普通,普通,普通,普通,普通,普通
2020-5-21 下午12:34:19,女,16~20歲,大專院校,學生,全職學生,20000元以下,是,非常同意,同意,同意,普通,同意,同意,同意,普通,同意,同意,同意,同意,同意,同意,同意,同意,同意,同意,同意,同意,同意,同意,同意,同意,同意,同意,同意,同意,同意,同意,不同意,同意,普通,同意,普通,同意,同意
2020-5-21 下午12:36:00,女,16~20歲,大專院校,服務業,兼職,20000元以下,否,同意,同意,同意,非常不同意,同意,非常同意,同意,同意,同意,同意,同意,同意,同意,普通,同意,同意,同意,同意,同意,同意,非常同意,同意,同意,同意,同意,同意,同意,普通,同意,普通,同意,同意,普通,同意,同意,普通,同意
2020-5-21 下午12:40:56,女,21~30歲,大專院校,學生,全職學生,20000元以下,否,普通,普通,普通,不同意,普通,同意,普通,普通,普通,同意,同意,不同意,同意,普通,普通,普通,普通,普通,同意,普通,普通,普通,普通,同意,普通,普通,普通,不同意,普通,普通,不同意,不同意,不同意,不同意,不同意,普通,普通
2020-5-21 下午12:43:25,女,21~30歲,大專院校,學生,全職學生,20000元以下,否,同意,同意,普通,普通,同意,同意,普通,普通,同意,同意,同意,同意,同意,同意,普通,同意,同意,同意,同意,同意,同意,同意,普通,同意,普通,普通,同意,同意,同意,普通,不同意,普通,普通,同意,普通,同意,同意
2020-5-21 下午12:46:42,女,16~20歲,大專院校,學生,全職學生,20000元以下,是,同意,普通,普通,普通,同意,普通,不同意,不同意,非常同意,同意,同意,同意,同意,同意,同意,同意,同意,同意,同意,同意,同意,同意,同意,同意,同意,普通,普通,同意,同意,不同意,不同意,普通,不同意,普通,普通,同意,普通
2020-5-21 下午12:47:42,女,16~20歲,大專院校,學生,全職學生,20000元以下,是,同意,同意,普通,不同意,同意,同意,普通,普通,同意,同意,同意,同意,同意,同意,同意,同意,同意,同意,同意,同意,普通,同意,同意,同意,同意,同意,同意,普通,同意,普通,不同意,普通,普通,普通,普通,普通,同意
2020-5-21 下午12:49:15,女,21~30歲,大專院校,學生,全職學生,20000元以下,是,非常同意,非常同意,普通,普通,普通,普通,普通,普通,同意,普通,普通,普通,普通,普通,普通,普通,普通,普通,普通,普通,普通,普通,普通,普通,普通,普通,普通,普通,普通,普通,普通,普通,普通,普通,普通,普通,普通
2020-5-21 下午01:00:58,女,21~30歲,大專院校,學生,全職學生,20000元以下,否,同意,普通,普通,不同意,同意,普通,普通,普通,同意,同意,同意,普通,同意,同意,普通,同意,同意,同意,同意,普通,普通,普通,普通,同意,普通,普通,同意,普通,同意,普通,不同意,普通,不同意,普通,普通,普通,同意
2020-5-21 下午01:29:27,女,21~30歲,大專院校,學生,全職學生,20000元以下,是,普通,普通,普通,不同意,同意,同意,普通,普通,同意,同意,普通,普通,同意,同意,同意,普通,同意,普通,普通,同意,普通,普通,普通,同意,普通,同意,同意,普通,同意,普通,普通,普通,普通,同意,普通,同意,同意
2020-5-21 下午01:30:40,女,21~30歲,大專院校,學生,全職學生,20000元以下,否,普通,同意,同意,不同意,普通,普通,不同意,不同意,非常同意,非常同意,同意,普通,非常同意,同意,普通,普通,同意,同意,同意,普通,同意,普通,普通,同意,普通,不同意,普通,普通,同意,普通,同意,不同意,不同意,普通,普通,不同意,普通
2020-5-21 下午01:35:27,女,21~30歲,大專院校,學生,兼職,20000元以下,是,非常同意,非常同意,同意,同意,普通,普通,普通,普通,普通,普通,普通,普通,普通,普通,普通,普通,普通,普通,普通,普通,普通,普通,普通,普通,普通,普通,普通,普通,普通,普通,普通,普通,普通,普通,普通,普通,普通
2020-5-21 下午01:37:56,女,21~30歲,大專院校,學生,兼職,20000元以下,否,普通,同意,同意,不同意,同意,同意,同意,普通,同意,同意,同意,同意,非常同意,同意,非常同意,同意,同意,同意,同意,同意,同意,同意,同意,同意,非常同意,同意,同意,同意,同意,同意,同意,同意,非常同意,同意,同意,同意,同意
2020-5-21 下午01:38:09,男,21~30歲,高中(職),學生,全職學生,20000元以下,否,普通,普通,普通,同意,普通,普通,普通,普通,普通,同意,普通,普通,同意,普通,普通,同意,普通,普通,普通,同意,同意,普通,同意,同意,同意,同意,普通,普通,同意,普通,不同意,普通,同意,普通,普通,普通,普通
2020-5-21 下午01:39:21,女,21~30歲,大專院校,學生,全職學生,20000元以下,是,同意,同意,普通,不同意,同意,同意,普通,普通,同意,普通,普通,普通,同意,同意,同意,同意,普通,同意,普通,同意,同意,普通,普通,普通,普通,不同意,同意,普通,同意,普通,普通,普通,普通,同意,普通,普通,不同意
2020-5-21 下午01:40:01,男,21~30歲,大專院校,學生,全職學生,20000元以下,是,非常同意,非常同意,普通,普通,同意,普通,同意,普通,非常同意,非常同意,非常同意,同意,非常同意,非常同意,非常同意,同意,非常同意,非常同意,非常同意,非常同意,非常同意,同意,普通,同意,普通,同意,同意,普通,同意,同意,普通,同意,普通,同意,普通,同意,同意
2020-5-21 下午01:49:28,男,21~30歲,大專院校,學生,全職學生,20000元以下,是,同意,普通,同意,非常不同意,同意,普通,不同意,不同意,非常同意,同意,非常同意,同意,非常同意,同意,同意,非常同意,同意,非常同意,同意,同意,非常同意,同意,非常同意,同意,同意,普通,普通,普通,普通,普通,同意,同意,不同意,同意,同意,非常不同意,同意
2020-5-21 下午01:52:32,男,21~30歲,大專院校,學生,全職學生,20000元以下,否,同意,同意,普通,普通,同意,同意,普通,普通,非常同意,非常同意,普通,普通,同意,同意,普通,同意,同意,普通,同意,同意,同意,同意,普通,同意,同意,同意,同意,普通,同意,同意,不同意,同意,普通,普通,普通,不同意,同意
2020-5-21 下午01:57:08,男,16~20歲,大專院校,服務業,兼職,20001~30000元,是,同意,同意,普通,普通,同意,同意,普通,普通,同意,同意,普通,普通,同意,同意,同意,普通,同意,同意,同意,普通,普通,普通,普通,同意,普通,普通,普通,普通,同意,普通,普通,普通,普通,普通,普通,普通,同意
2020-5-21 下午02:00:40,女,21~30歲,大專院校,學生,全職學生,20000元以下,否,不同意,不同意,普通,不同意,普通,不同意,不同意,不同意,普通,同意,同意,普通,同意,普通,同意,普通,普通,普通,普通,普通,普通,普通,普通,普通,普通,普通,普通,普通,普通,普通,普通,普通,普通,普通,普通,普通,普通
2020-5-21 下午02:10:57,女,21~30歲,大專院校,學生,兼職,20000元以下,是,同意,同意,普通,普通,同意,普通,普通,普通,非常同意,同意,同意,同意,同意,非常同意,同意,同意,同意,同意,同意,同意,同意,同意,同意,同意,同意,普通,同意,同意,同意,同意,同意,普通,普通,同意,普通,不同意,非常同意
2020-5-21 下午02:16:05,男,21~30歲,大專院校,學生,兼職,20000元以下,否,同意,普通,普通,不同意,普通,不同意,非常不同意,普通,同意,同意,同意,同意,同意,同意,同意,同意,同意,同意,同意,同意,同意,同意,同意,同意,同意,普通,同意,同意,同意,普通,不同意,普通,普通,同意,不同意,普通,普通
2020-5-21 下午02:17:44,女,21~30歲,大專院校,學生,兼職,20000元以下,是,同意,普通,普通,不同意,同意,同意,普通,普通,非常同意,同意,同意,普通,同意,普通,普通,同意,同意,同意,同意,同意,同意,同意,同意,同意,同意,普通,同意,同意,同意,普通,普通,普通,普通,同意,同意,普通,同意
2020-5-21 下午02:31:34,男,21~30歲,大專院校,學生,全職學生,20000元以下,是,同意,普通,同意,非常不同意,普通,同意,普通,普通,非常同意,非常同意,同意,同意,同意,同意,同意,同意,同意,同意,同意,同意,普通,同意,非常同意,非常同意,同意,普通,普通,普通,不同意,非常不同意,不同意,同意,普通,同意,普通,非常同意,同意
2020-5-21 下午02:38:17,女,16~20歲,大專院校,學生,全職學生,20000元以下,是,同意,不同意,普通,普通,普通,同意,普通,普通,非常同意,非常同意,非常同意,同意,同意,普通,普通,普通,同意,普通,同意,普通,同意,普通,同意,同意,普通,同意,同意,同意,普通,不同意,普通,普通,不同意,普通,普通,同意,不同意
2020-5-21 下午02:42:39,男,21~30歲,大專院校,學生,全職學生,20000元以下,是,同意,同意,普通,不同意,同意,普通,普通,普通,同意,普通,普通,普通,同意,普通,普通,普通,普通,同意,同意,同意,同意,同意,同意,同意,普通,同意,同意,普通,同意,普通,不同意,普通,普通,普通,普通,同意,普通
2020-5-21 下午02:59:12,男,16~20歲,高中(職),學生,全職學生,20000元以下,是,同意,同意,不同意,不同意,同意,不同意,普通,普通,同意,同意,同意,同意,同意,不同意,普通,同意,同意,普通,同意,同意,普通,普通,普通,同意,普通,同意,普通,同意,同意,普通,普通,普通,不同意,普通,普通,同意,非常同意
2020-5-21 下午02:59:24,女,21~30歲,大專院校,服務業,兼職,20000元以下,是,普通,普通,不同意,非常不同意,同意,同意,普通,普通,非常同意,同意,非常同意,普通,同意,同意,同意,同意,同意,普通,普通,同意,普通,普通,同意,同意,同意,普通,同意,普通,同意,普通,普通,普通,普通,普通,普通,同意,同意
2020-5-21 下午03:01:50,女,21~30歲,大專院校,學生,全職學生,20000元以下,否,同意,普通,普通,不同意,普通,普通,不同意,普通,非常同意,同意,普通,同意,非常同意,同意,普通,普通,同意,同意,普通,普通,普通,普通,普通,同意,不同意,不同意,同意,普通,同意,普通,不同意,普通,不同意,普通,普通,非常不同意,普通
2020-5-21 下午03:08:56,女,16~20歲,大專院校,學生,全職學生,20000元以下,是,普通,普通,不同意,不同意,普通,普通,普通,普通,同意,同意,普通,普通,同意,同意,普通,普通,普通,同意,同意,普通,普通,普通,普通,普通,普通,普通,普通,普通,普通,不同意,普通,普通,普通,普通,普通,同意,同意
2020-5-21 下午03:14:32,女,21~30歲,大專院校,服務業,全職,20001~30000元,是,同意,同意,不同意,非常不同意,同意,不同意,不同意,不同意,非常同意,非常同意,非常同意,普通,同意,同意,同意,同意,非常同意,同意,同意,同意,普通,同意,普通,同意,同意,普通,同意,普通,同意,普通,不同意,普通,普通,同意,普通,普通,普通
2020-5-21 下午03:16:27,男,16~20歲,高中(職),學生,全職學生,20000元以下,否,同意,普通,普通,普通,同意,不同意,不同意,不同意,非常同意,非常同意,非常同意,普通,同意,同意,同意,同意,同意,同意,同意,同意,同意,普通,同意,同意,同意,普通,普通,普通,同意,同意,普通,普通,不同意,普通,普通,同意,非常同意
2020-5-21 下午03:25:17,男,21~30歲,大專院校,學生,兼職,20000元以下,否,非常同意,非常同意,普通,普通,同意,普通,普通,普通,非常同意,非常同意,非常同意,非常同意,非常同意,同意,同意,普通,非常同意,同意,同意,同意,同意,非常同意,非常同意,非常同意,普通,同意,同意,同意,同意,同意,不同意,普通,不同意,普通,普通,普通,普通
2020-5-21 下午03:27:31,女,21~30歲,大專院校,學生,全職學生,20000元以下,是,非常同意,普通,普通,非常不同意,同意,普通,非常不同意,非常不同意,非常同意,非常同意,非常同意,非常同意,非常同意,同意,普通,普通,非常同意,普通,普通,普通,普通,普通,普通,普通,普通,普通,普通,普通,普通,同意,非常不同意,普通,普通,普通,普通,同意,同意
2020-5-21 下午03:28:06,女,21~30歲,大專院校,學生,全職學生,30001~40000元,否,普通,普通,普通,普通,普通,普通,普通,普通,普通,普通,普通,普通,普通,普通,普通,普通,普通,普通,同意,同意,普通,同意,普通,同意,普通,普通,普通,普通,普通,普通,不同意,普通,普通,普通,普通,普通,普通
2020-5-21 下午03:29:04,女,21~30歲,大專院校,學生,全職學生,20001~30000元,否,同意,同意,普通,普通,同意,同意,普通,普通,非常同意,同意,同意,同意,同意,同意,同意,同意,同意,同意,同意,同意,同意,同意,同意,同意,同意,同意,同意,普通,同意,普通,同意,普通,普通,普通,普通,不同意,同意
2020-5-21 下午03:32:13,女,21~30歲,碩士以上,學生,全職學生,20000元以下,否,同意,同意,不同意,非常不同意,非常不同意,非常不同意,非常不同意,非常不同意,非常同意,非常同意,非常同意,非常同意,非常同意,非常同意,非常同意,非常同意,非常同意,非常同意,非常同意,非常同意,非常同意,非常同意,非常同意,非常同意,非常同意,非常同意,非常不同意,非常不同意,非常不同意,非常不同意,非常不同意,非常不同意,同意,非常不同意,非常不同意,非常同意,非常同意
2020-5-21 下午03:37:14,女,16~20歲,大專院校,學生,兼職,20000元以下,否,普通,普通,不同意,不同意,同意,不同意,普通,普通,同意,同意,同意,同意,同意,普通,同意,同意,普通,同意,普通,普通,普通,普通,普通,普通,同意,普通,同意,同意,同意,普通,不同意,普通,不同意,普通,普通,普通,普通
2020-5-21 下午03:37:54,男,21~30歲,大專院校,自由業,兼職,20000元以下,是,同意,同意,同意,同意,同意,同意,同意,同意,非常同意,普通,同意,普通,非常同意,非常同意,同意,同意,同意,同意,同意,同意,同意,同意,同意,同意,同意,同意,同意,同意,同意,同意,不同意,同意,普通,普通,普通,普通,同意
2020-5-21 下午03:38:25,女,21~30歲,大專院校,學生,全職學生,20000元以下,是,普通,不同意,不同意,不同意,同意,同意,不同意,不同意,同意,同意,同意,同意,同意,同意,同意,普通,普通,同意,普通,同意,普通,同意,同意,同意,同意,普通,普通,同意,普通,不同意,不同意,普通,普通,普通,普通,普通,普通
2020-5-21 下午03:41:57,女,21~30歲,大專院校,學生,全職學生,20000元以下,是,同意,普通,不同意,不同意,同意,普通,非常不同意,非常不同意,非常同意,非常同意,同意,同意,非常同意,同意,普通,同意,非常同意,普通,同意,普通,普通,普通,普通,同意,同意,普通,同意,普通,同意,同意,不同意,普通,普通,同意,普通,普通,同意
2020-5-21 下午03:42:04,女,21~30歲,大專院校,學生,全職學生,20000元以下,是,普通,普通,普通,普通,普通,普通,普通,普通,普通,普通,普通,普通,普通,普通,普通,普通,普通,普通,普通,普通,普通,普通,普通,普通,普通,普通,普通,普通,普通,普通,普通,普通,普通,普通,普通,普通,普通
2020-5-21 下午03:46:25,女,21~30歲,大專院校,學生,全職學生,20000元以下,否,普通,普通,普通,普通,普通,普通,不同意,不同意,同意,同意,非常同意,普通,同意,普通,普通,普通,非常同意,普通,同意,同意,普通,普通,普通,同意,普通,普通,不同意,普通,不同意,不同意,不同意,不同意,不同意,不同意,不同意,普通,非常同意
2020-5-21 下午03:48:52,女,21~30歲,大專院校,學生,全職學生,20000元以下,是,同意,同意,普通,普通,非常同意,普通,同意,同意,非常同意,同意,同意,同意,同意,同意,同意,同意,同意,同意,同意,同意,同意,同意,同意,同意,同意,普通,非常同意,同意,非常同意,同意,同意,同意,普通,同意,同意,普通,普通
2020-5-21 下午03:52:33,女,16~20歲,大專院校,學生,兼職,20000元以下,否,普通,普通,非常不同意,非常不同意,普通,非常不同意,非常不同意,非常不同意,同意,非常同意,同意,不同意,普通,不同意,同意,同意,同意,普通,普通,普通,普通,普通,普通,普通,普通,不同意,普通,普通,不同意,不同意,不同意,不同意,非常不同意,不同意,不同意,非常不同意,非常同意
2020-5-21 下午03:54:00,女,21~30歲,大專院校,學生,全職學生,20000元以下,否,普通,普通,普通,普通,不同意,不同意,同意,普通,同意,同意,同意,普通,同意,普通,普通,普通,同意,普通,同意,普通,普通,普通,普通,普通,普通,普通,不同意,不同意,不同意,不同意,非常不同意,不同意,非常不同意,普通,不同意,不同意,同意
2020-5-21 下午03:55:34,男,21~30歲,大專院校,學生,全職學生,20000元以下,是,非常同意,非常同意,非常同意,非常同意,非常同意,非常同意,非常同意,非常同意,非常同意,非常同意,非常同意,非常同意,非常同意,非常同意,非常同意,非常同意,非常同意,非常同意,非常同意,非常同意,非常同意,非常同意,非常同意,非常同意,非常同意,非常同意,非常同意,非常同意,非常同意,非常同意,非常同意,非常同意,非常同意,非常同意,非常同意,非常同意,非常同意
2020-5-21 下午03:56:51,女,51歲以上,高中(職),服務業,全職,30001~40000元,是,同意,同意,同意,普通,同意,普通,不同意,不同意,非常同意,同意,同意,同意,同意,普通,同意,同意,同意,同意,同意,同意,同意,同意,同意,同意,同意,同意,同意,同意,同意,同意,普通,同意,同意,同意,同意,非常同意,同意
2020-5-21 下午03:58:42,男,16~20歲,大專院校,學生,打工,20000元以下,否,普通,同意,普通,不同意,同意,同意,普通,普通,同意,同意,同意,普通,非常同意,不同意,同意,同意,普通,同意,同意,普通,普通,同意,普通,普通,普通,普通,同意,非常同意,普通,同意,普通,同意,普通,同意,普通,普通,同意
2020-5-21 下午03:58:48,女,21~30歲,大專院校,學生,全職學生,20000元以下,否,普通,普通,普通,普通,同意,不同意,普通,普通,同意,同意,普通,同意,非常同意,普通,普通,同意,同意,同意,同意,普通,普通,非常不同意,普通,同意,同意,普通,普通,普通,普通,不同意,普通,不同意,不同意,普通,不同意,普通,同意
2020-5-21 下午04:04:06,女,21~30歲,大專院校,學生,全職學生,20000元以下,是,同意,普通,普通,普通,同意,同意,普通,不同意,同意,同意,同意,同意,同意,同意,普通,同意,同意,同意,非常同意,同意,同意,同意,普通,普通,同意,普通,同意,普通,同意,普通,不同意,普通,不同意,普通,同意,不同意,普通
2020-5-21 下午04:05:56,女,21~30歲,大專院校,製造業,全職,30001~40000元,是,普通,普通,不同意,非常不同意,同意,同意,普通,普通,同意,同意,普通,不同意,普通,普通,普通,普通,普通,同意,同意,普通,同意,普通,普通,普通,不同意,不同意,同意,普通,同意,不同意,不同意,不同意,普通,普通,普通,普通,同意
2020-5-21 下午04:09:54,男,21~30歲,大專院校,資訊,不存在,20000元以下,否,同意,普通,不同意,普通,同意,普通,同意,普通,普通,非常同意,同意,普通,同意,同意,普通,普通,同意,同意,普通,普通,普通,普通,普通,同意,同意,普通,普通,普通,普通,普通,不同意,普通,普通,普通,普通,普通,同意
2020-5-21 下午04:11:54,男,16~20歲,大專院校,學生,全職學生,20000元以下,否,同意,普通,不同意,普通,同意,普通,普通,普通,非常同意,同意,同意,同意,同意,同意,普通,同意,同意,同意,同意,普通,同意,普通,普通,同意,普通,普通,同意,普通,普通,普通,非常不同意,普通,普通,普通,普通,不同意,同意
2020-5-21 下午04:16:52,女,16~20歲,大專院校,學生,全職學生,20000元以下,是,同意,普通,普通,非常不同意,非常同意,非常不同意,同意,普通,非常同意,非常同意,非常同意,普通,非常同意,非常同意,普通,非常同意,非常同意,非常同意,非常同意,非常同意,非常同意,非常同意,非常同意,非常同意,非常同意,非常同意,普通,普通,普通,普通,非常不同意,普通,普通,普通,普通,同意,非常不同意
2020-5-21 下午04:19:15,男,21~30歲,大專院校,學生,兼職,20000元以下,否,同意,不同意,不同意,不同意,普通,非常不同意,非常不同意,非常不同意,非常同意,非常同意,非常同意,同意,同意,同意,普通,普通,同意,不同意,非常不同意,普通,普通,普通,普通,普通,普通,普通,不同意,普通,普通,普通,普通,普通,普通,普通,普通,普通,普通
2020-5-21 下午04:23:08,男,21~30歲,大專院校,學生,全職學生,20000元以下,否,同意,同意,同意,普通,普通,普通,普通,普通,同意,同意,同意,同意,同意,同意,同意,同意,同意,同意,同意,同意,同意,同意,同意,同意,同意,同意,普通,普通,普通,普通,普通,普通,普通,普通,普通,同意,同意
2020-5-21 下午04:24:13,女,16~20歲,大專院校,學生,全職學生,20000元以下,否,非常同意,非常同意,普通,不同意,非常同意,不同意,同意,同意,非常同意,非常同意,同意,普通,非常同意,非常同意,同意,普通,不同意,同意,非常同意,同意,同意,同意,同意,非常同意,同意,同意,非常同意,非常同意,非常同意,普通,不同意,普通,普通,同意,普通,不同意,非常同意
2020-5-21 下午04:31:53,女,21~30歲,大專院校,學生,兼職,20000元以下,是,同意,普通,普通,普通,非常同意,普通,普通,普通,同意,同意,同意,普通,同意,同意,普通,同意,非常同意,普通,同意,普通,普通,同意,普通,同意,普通,同意,同意,普通,普通,不同意,普通,普通,同意,同意,同意,普通,普通
2020-5-21 下午04:40:05,女,21~30歲,大專院校,學生,兼職,20000元以下,否,同意,同意,普通,普通,同意,同意,普通,普通,非常同意,非常同意,同意,同意,非常同意,同意,同意,同意,普通,同意,同意,普通,同意,同意,普通,非常同意,普通,普通,普通,同意,普通,普通,同意,普通,普通,普通,普通,同意,同意
2020-5-21 下午04:45:10,女,16~20歲,大專院校,學生,全職學生,20000元以下,是,非常同意,同意,普通,不同意,同意,同意,普通,普通,非常同意,非常同意,非常同意,非常同意,非常同意,非常同意,非常同意,非常同意,非常同意,同意,同意,同意,同意,同意,同意,同意,普通,普通,同意,同意,同意,同意,不同意,普通,普通,同意,普通,同意,同意
2020-5-21 下午05:08:24,男,21~30歲,大專院校,學生,全職學生,20000元以下,是,非常同意,同意,非常同意,不同意,同意,普通,不同意,不同意,非常同意,非常同意,非常同意,同意,同意,非常同意,非常同意,非常同意,非常同意,普通,非常同意,同意,同意,同意,非常同意,同意,同意,同意,同意,不同意,普通,普通,不同意,同意,非常不同意,普通,不同意,同意,同意
2020-5-21 下午05:25:26,女,21~30歲,大專院校,學生,全職學生,20000元以下,否,普通,普通,普通,普通,同意,不同意,非常不同意,非常不同意,非常同意,同意,同意,普通,同意,同意,同意,普通,不同意,同意,同意,同意,普通,普通,普通,普通,同意,同意,不同意,不同意,普通,不同意,普通,不同意,不同意,普通,普通,不同意,同意
2020-5-21 下午05:31:29,男,21~30歲,大專院校,學生,待業,20000元以下,否,普通,普通,不同意,非常不同意,普通,不同意,同意,普通,同意,同意,普通,普通,同意,普通,同意,非常同意,同意,同意,同意,普通,普通,普通,普通,同意,同意,普通,普通,不同意,普通,普通,普通,普通,普通,普通,不同意,同意,不同意
2020-5-21 下午05:31:53,女,21~30歲,大專院校,學生,全職學生,20000元以下,是,非常同意,同意,不同意,不同意,同意,同意,普通,非常不同意,同意,同意,同意,同意,非常同意,同意,同意,同意,不同意,普通,普通,普通,普通,普通,普通,不同意,不同意,不同意,同意,非常不同意,同意,普通,不同意,不同意,普通,普通,普通,非常不同意,同意
2020-5-21 下午05:36:38,男,21~30歲,大專院校,學生,兼職,20000元以下,否,同意,同意,不同意,非常不同意,同意,普通,普通,非常不同意,非常同意,非常同意,普通,普通,普通,同意,同意,普通,同意,同意,同意,同意,同意,普通,同意,同意,普通,不同意,普通,不同意,同意,不同意,非常不同意,不同意,非常不同意,不同意,非常不同意,普通,同意
2020-5-21 下午05:38:42,女,21~30歲,大專院校,學生,全職學生,20000元以下,是,同意,同意,普通,普通,同意,普通,普通,普通,非常同意,非常同意,非常同意,普通,非常同意,同意,同意,非常同意,普通,非常同意,非常同意,同意,普通,普通,普通,同意,同意,同意,同意,普通,同意,不同意,不同意,普通,不同意,普通,普通,普通,非常同意
2020-5-21 下午05:39:10,女,16~20歲,大專院校,學生,全職學生,20000元以下,否,同意,非常不同意,非常不同意,普通,普通,不同意,非常不同意,非常不同意,非常同意,非常同意,同意,非常同意,同意,同意,非常同意,同意,同意,不同意,非常不同意,不同意,普通,普通,同意,非常同意,不同意,不同意,非常不同意,非常不同意,普通,非常不同意,不同意,非常不同意,普通,不同意,非常不同意,同意,同意
2020-5-21 下午05:40:34,男,21~30歲,大專院校,學生,全職學生,20000元以下,是,同意,普通,不同意,不同意,同意,普通,普通,普通,同意,同意,同意,普通,同意,同意,同意,同意,同意,普通,同意,同意,同意,同意,同意,非常同意,同意,普通,同意,同意,同意,普通,不同意,普通,普通,同意,普通,不同意,普通
2020-5-21 下午05:47:39,男,16~20歲,高中(職),學生,全職學生,20000元以下,是,普通,普通,普通,普通,同意,同意,普通,普通,同意,同意,同意,同意,同意,同意,同意,同意,同意,同意,同意,同意,同意,同意,同意,非常同意,非常同意,同意,普通,普通,同意,普通,普通,同意,不同意,普通,普通,普通,同意
2020-5-21 下午05:47:58,女,21~30歲,大專院校,學生,全職學生,20000元以下,是,普通,非常同意,同意,普通,同意,非常同意,同意,普通,非常同意,非常同意,非常同意,非常同意,非常同意,不同意,普通,普通,非常同意,同意,非常同意,非常同意,同意,普通,普通,非常同意,普通,同意,同意,普通,非常同意,不同意,非常不同意,不同意,同意,普通,普通,非常同意,普通
2020-5-21 下午05:49:03,女,16~20歲,大專院校,學生,全職學生,20000元以下,是,同意,同意,普通,普通,普通,普通,普通,普通,同意,同意,普通,普通,非常同意,同意,普通,普通,普通,普通,同意,普通,普通,普通,普通,普通,普通,普通,普通,普通,普通,普通,普通,普通,普通,普通,普通,普通,普通
2020-5-21 下午05:49:58,女,16~20歲,大專院校,學生,全職學生,20000元以下,否,同意,同意,普通,普通,同意,同意,普通,普通,同意,同意,同意,普通,同意,普通,普通,同意,普通,普通,普通,普通,普通,普通,普通,同意,普通,普通,普通,普通,普通,普通,普通,普通,普通,普通,普通,普通,普通
2020-5-21 下午05:50:07,女,16~20歲,國中以下,學生,全職學生,20000元以下,是,非常同意,普通,普通,普通,同意,普通,普通,普通,同意,同意,同意,普通,同意,同意,普通,普通,同意,普通,同意,同意,普通,同意,同意,同意,同意,同意,同意,普通,同意,同意,不同意,普通,普通,同意,同意,普通,普通
2020-5-21 下午05:50:38,女,21~30歲,大專院校,學生,全職學生,20000元以下,否,普通,普通,普通,同意,同意,同意,普通,普通,非常同意,非常同意,非常同意,同意,非常同意,同意,同意,同意,同意,同意,同意,同意,同意,同意,同意,同意,同意,同意,同意,普通,普通,普通,非常不同意,同意,普通,普通,普通,同意,非常同意
2020-5-21 下午05:51:00,女,16~20歲,大專院校,學生,全職學生,20000元以下,否,普通,普通,不同意,非常不同意,不同意,不同意,不同意,不同意,同意,同意,同意,普通,同意,同意,同意,同意,普通,普通,普通,同意,普通,普通,同意,同意,非常同意,普通,普通,不同意,不同意,不同意,普通,不同意,不同意,不同意,不同意,同意,普通
2020-5-21 下午05:51:32,男,21~30歲,大專院校,學生,全職學生,20000元以下,否,普通,同意,普通,不同意,同意,非常不同意,非常不同意,非常不同意,同意,同意,同意,普通,非常同意,不同意,同意,普通,同意,同意,同意,同意,普通,普通,同意,普通,普通,不同意,同意,普通,同意,不同意,不同意,同意,不同意,普通,同意,同意,不同意
2020-5-21 下午05:52:02,女,21~30歲,大專院校,學生,全職學生,20000元以下,否,同意,同意,普通,普通,同意,普通,普通,普通,同意,同意,同意,普通,同意,同意,同意,同意,同意,普通,同意,普通,同意,普通,同意,同意,同意,普通,普通,同意,同意,普通,普通,同意,同意,同意,普通,同意,同意
2020-5-21 下午05:52:29,男,21~30歲,大專院校,學生,全職學生,20000元以下,否,普通,同意,普通,不同意,普通,同意,不同意,不同意,非常同意,同意,同意,同意,非常同意,普通,同意,同意,同意,同意,同意,同意,同意,同意,同意,非常同意,同意,同意,普通,不同意,普通,普通,同意,普通,普通,普通,普通,同意,同意
2020-5-21 下午05:55:07,女,16~20歲,大專院校,學生,全職學生,20000元以下,是,同意,同意,不同意,不同意,同意,普通,同意,同意,非常同意,同意,同意,不同意,同意,同意,同意,同意,普通,同意,同意,同意,非常同意,同意,不同意,普通,同意,普通,同意,普通,同意,普通,不同意,同意,不同意,普通,普通,不同意,不同意
2020-5-21 下午05:57:39,女,16~20歲,大專院校,學生,兼職,20000元以下,否,同意,普通,不同意,不同意,同意,普通,普通,普通,同意,同意,不同意,非常不同意,同意,普通,不同意,普通,普通,非常不同意,普通,普通,普通,普通,不同意,普通,普通,同意,普通,同意,普通,普通,不同意,不同意,不同意,不同意,不同意,非常不同意,普通
2020-5-21 下午06:00:04,男,16~20歲,大專院校,學生,全職學生,20000元以下,否,同意,同意,普通,普通,同意,同意,同意,同意,同意,同意,同意,同意,同意,同意,同意,同意,同意,同意,同意,同意,同意,同意,同意,同意,同意,同意,同意,普通,同意,普通,普通,普通,普通,普通,普通,普通,同意
2020-5-21 下午06:00:52,女,16~20歲,大專院校,學生,全職學生,20000元以下,否,普通,同意,普通,不同意,同意,不同意,不同意,不同意,非常同意,非常同意,同意,普通,同意,同意,同意,同意,同意,同意,同意,普通,普通,同意,普通,同意,普通,普通,同意,同意,同意,普通,普通,普通,普通,普通,普通,普通,同意
2020-5-21 下午06:01:42,女,16~20歲,大專院校,學生,兼職,20000元以下,是,同意,同意,同意,不同意,同意,普通,不同意,普通,非常同意,非常同意,非常同意,非常同意,非常同意,非常同意,非常同意,非常同意,同意,非常同意,非常同意,同意,同意,同意,普通,非常同意,同意,不同意,同意,普通,同意,普通,同意,普通,普通,同意,普通,不同意,同意
2020-5-21 下午06:01:48,女,21~30歲,大專院校,學生,全職學生,20000元以下,是,同意,同意,普通,普通,普通,同意,同意,普通,同意,同意,同意,普通,同意,同意,同意,同意,同意,同意,同意,普通,普通,普通,同意,同意,普通,普通,同意,同意,同意,普通,普通,普通,普通,普通,普通,普通,同意
2020-5-21 下午06:04:26,女,21~30歲,大專院校,學生,全職學生,20000元以下,否,普通,普通,不同意,不同意,同意,不同意,不同意,不同意,同意,同意,同意,不同意,同意,同意,同意,普通,同意,同意,同意,同意,普通,同意,同意,同意,同意,同意,同意,同意,同意,不同意,不同意,不同意,不同意,普通,普通,普通,同意
2020-5-21 下午06:16:37,女,16~20歲,大專院校,服務業,兼職,20000元以下,是,不同意,不同意,非常同意,不同意,不同意,不同意,普通,普通,普通,普通,不同意,非常同意,非常同意,同意,普通,不同意,普通,不同意,普通,普通,普通,普通,普通,普通,不同意,普通,普通,普通,不同意,普通,普通,非常不同意,不同意,不同意,非常不同意,不同意,非常不同意
2020-5-21 下午06:22:38,女,16~20歲,大專院校,學生,全職學生,20000元以下,否,同意,同意,普通,不同意,普通,同意,同意,普通,非常同意,非常同意,非常同意,同意,同意,同意,同意,同意,同意,普通,同意,同意,同意,同意,普通,普通,普通,同意,同意,普通,普通,普通,普通,普通,普通,普通,普通,普通,同意
2020-5-21 下午06:29:03,男,16~20歲,大專院校,學生,全職學生,20000元以下,是,同意,同意,普通,非常不同意,同意,同意,非常同意,非常同意,非常同意,非常同意,非常同意,非常同意,非常同意,同意,非常同意,同意,同意,非常同意,非常同意,非常同意,同意,非常同意,非常同意,同意,非常同意,同意,普通,普通,同意,普通,普通,普通,不同意,非常同意,普通,同意,非常同意
2020-5-21 下午06:39:50,男,16~20歲,大專院校,學生,全職學生,20000元以下,否,同意,同意,普通,非常不同意,非常不同意,非常不同意,非常不同意,非常同意,非常同意,不同意,非常不同意,同意,不同意,普通,不同意,不同意,普通,非常同意,非常同意,非常同意,普通,普通,普通,普通,同意,同意,非常同意,普通,普通,普通,普通,不同意,不同意,不同意,同意,非常同意,非常同意
2020-5-21 下午06:40:37,女,21~30歲,大專院校,學生,全職學生,20000元以下,是,非常同意,非常同意,普通,非常不同意,非常同意,非常同意,普通,普通,非常同意,非常同意,普通,非常同意,非常同意,非常同意,非常同意,非常同意,非常同意,非常同意,非常同意,非常同意,非常同意,非常同意,非常同意,非常同意,非常同意,非常同意,非常同意,普通,普通,非常同意,普通,普通,非常不同意,普通,同意,普通,非常同意
2020-5-21 下午06:44:34,女,16~20歲,大專院校,學生,打工,20000元以下,否,同意,同意,普通,普通,同意,普通,普通,普通,非常同意,同意,同意,同意,同意,同意,同意,同意,同意,同意,普通,普通,普通,普通,普通,普通,普通,普通,同意,同意,普通,普通,普通,普通,普通,普通,普通,普通,同意
2020-5-21 下午06:46:54,女,16~20歲,大專院校,學生,全職學生,20000元以下,是,同意,同意,不同意,不同意,同意,同意,同意,同意,同意,同意,同意,普通,同意,不同意,普通,普通,同意,同意,同意,同意,同意,普通,普通,普通,同意,同意,普通,普通,同意,普通,不同意,不同意,不同意,普通,不同意,普通,同意
2020-5-21 下午06:51:17,男,21~30歲,大專院校,金融業,全職,50001元以上,否,同意,普通,普通,非常不同意,同意,不同意,不同意,不同意,同意,同意,非常同意,同意,同意,同意,非常同意,同意,非常同意,同意,同意,同意,同意,同意,同意,同意,同意,同意,同意,同意,同意,同意,不同意,普通,不同意,同意,不同意,非常同意,不同意
2020-5-21 下午06:58:24,男,16~20歲,大專院校,學生,兼職,20000元以下,是,普通,同意,普通,非常不同意,同意,非常不同意,非常不同意,非常不同意,同意,同意,同意,普通,同意,同意,普通,同意,同意,同意,同意,同意,普通,同意,同意,同意,普通,同意,同意,普通,同意,普通,同意,普通,同意,普通,同意,普通,普通
2020-5-21 下午06:59:17,女,21~30歲,碩士以上,學生,全職學生,20000元以下,是,非常同意,非常同意,不同意,非常不同意,同意,不同意,不同意,不同意,非常同意,非常同意,不同意,同意,同意,同意,同意,同意,同意,普通,非常同意,不同意,普通,不同意,同意,同意,不同意,同意,普通,不同意,普通,普通,不同意,普通,不同意,普通,不同意,普通,同意
2020-5-21 下午07:03:18,男,21~30歲,大專院校,學生,全職學生,20000元以下,否,普通,同意,非常不同意,非常不同意,同意,非常不同意,普通,非常不同意,非常同意,同意,同意,同意,非常同意,同意,同意,同意,同意,同意,同意,同意,同意,同意,同意,同意,同意,普通,同意,同意,普通,普通,同意,普通,同意,同意,同意,同意,同意
2020-5-21 下午07:03:30,女,16~20歲,大專院校,學生,全職學生,20000元以下,否,普通,普通,普通,普通,同意,同意,不同意,不同意,非常同意,非常同意,同意,同意,同意,同意,同意,同意,同意,同意,同意,同意,同意,同意,同意,同意,同意,同意,非常同意,同意,同意,同意,同意,同意,同意,同意,同意,同意,同意
2020-5-21 下午07:08:13,男,21~30歲,大專院校,學生,全職學生,20000元以下,否,普通,普通,普通,不同意,非常不同意,不同意,非常不同意,非常不同意,不同意,不同意,不同意,普通,同意,不同意,普通,普通,普通,普通,普通,普通,不同意,不同意,不同意,同意,普通,不同意,普通,不同意,普通,普通,不同意,不同意,不同意,不同意,不同意,不同意,普通
2020-5-21 下午07:21:40,男,16~20歲,國中以下,學生,全職學生,20000元以下,是,同意,同意,普通,普通,非常同意,普通,不同意,不同意,非常同意,非常同意,同意,非常同意,非常同意,普通,普通,同意,非常同意,普通,非常同意,同意,普通,普通,普通,非常同意,普通,同意,普通,普通,普通,普通,不同意,普通,普通,同意,普通,同意,非常同意
2020-5-21 下午07:23:38,男,21~30歲,大專院校,服務業,兼職,20001~30000元,是,非常同意,非常同意,非常同意,非常同意,普通,普通,普通,普通,非常同意,非常同意,非常同意,非常同意,非常同意,普通,非常同意,非常同意,非常同意,非常同意,非常同意,同意,普通,同意,非常同意,非常同意,非常同意,非常同意,非常不同意,非常不同意,普通,普通,不同意,不同意,普通,普通,普通,非常同意,非常同意
2020-5-21 下午07:24:01,女,16~20歲,大專院校,學生,兼職,20000元以下,是,同意,普通,同意,非常不同意,同意,不同意,普通,不同意,非常同意,非常同意,非常同意,非常同意,非常同意,非常同意,非常同意,非常同意,非常同意,非常同意,非常同意,非常同意,非常同意,非常同意,非常同意,非常同意,非常同意,普通,普通,非常同意,普通,同意,非常不同意,普通,不同意,普通,普通,同意,普通
2020-5-21 下午07:27:36,女,16~20歲,大專院校,學生,全職學生,20000元以下,是,同意,普通,普通,普通,同意,同意,普通,普通,同意,同意,同意,普通,同意,同意,普通,同意,同意,普通,同意,普通,普通,普通,普通,同意,普通,普通,同意,普通,同意,普通,不同意,普通,普通,同意,普通,同意,同意
2020-5-21 下午07:34:28,男,21~30歲,大專院校,學生,全職學生,20000元以下,否,同意,同意,普通,不同意,同意,不同意,不同意,非常不同意,非常同意,同意,同意,同意,同意,同意,同意,同意,同意,同意,同意,同意,普通,同意,非常同意,同意,同意,同意,普通,普通,普通,普通,非常不同意,同意,不同意,同意,同意,不同意,同意
2020-5-21 下午07:49:27,女,21~30歲,大專院校,金融業,全職,30001~40000元,是,同意,同意,普通,同意,非常同意,非常同意,普通,普通,非常同意,非常同意,非常同意,普通,非常同意,普通,非常同意,非常同意,同意,同意,同意,同意,同意,同意,普通,非常同意,同意,普通,同意,同意,非常同意,同意,不同意,普通,普通,普通,不同意,普通,非常不同意
2020-5-21 下午07:53:01,女,21~30歲,大專院校,學生,兼職,20000元以下,否,同意,同意,同意,不同意,同意,非常不同意,不同意,非常不同意,非常同意,非常同意,非常同意,普通,非常同意,普通,普通,非常同意,非常同意,非常同意,非常同意,同意,普通,同意,非常同意,非常同意,同意,同意,普通,不同意,普通,不同意,不同意,不同意,不同意,普通,普通,普通,普通
2020-5-21 下午08:01:21,女,21~30歲,大專院校,服務業,兼職,20000元以下,是,同意,同意,同意,普通,普通,普通,普通,不同意,同意,同意,同意,同意,非常同意,同意,同意,普通,同意,同意,同意,同意,同意,同意,同意,同意,同意,同意,同意,同意,同意,普通,普通,普通,普通,普通,普通,普通,同意
2020-5-21 下午08:06:10,女,21~30歲,大專院校,學生,全職學生,20000元以下,是,普通,普通,普通,普通,同意,普通,不同意,不同意,普通,同意,普通,同意,同意,同意,同意,同意,普通,普通,同意,普通,普通,普通,同意,同意,普通,普通,同意,普通,同意,普通,普通,普通,普通,普通,普通,同意,同意
2020-5-21 下午08:53:41,女,16~20歲,大專院校,學生,全職學生,20000元以下,否,同意,普通,不同意,不同意,同意,普通,普通,普通,同意,同意,普通,普通,同意,同意,普通,普通,普通,同意,同意,普通,同意,同意,普通,同意,普通,同意,同意,普通,同意,普通,普通,同意,普通,同意,普通,不同意,同意
2020-5-21 下午08:54:28,女,21~30歲,大專院校,資訊,全職,30001~40000元,是,同意,同意,普通,普通,非常同意,同意,普通,不同意,非常同意,同意,普通,普通,同意,同意,同意,同意,同意,普通,同意,普通,普通,普通,同意,同意,同意,普通,普通,普通,普通,普通,不同意,普通,普通,同意,普通,普通,同意
2020-5-21 下午08:55:10,女,21~30歲,大專院校,軍公教,全職,40001~50000元,是,同意,同意,普通,不同意,普通,普通,普通,普通,非常同意,非常同意,普通,普通,同意,普通,同意,同意,非常同意,普通,普通,同意,普通,普通,普通,同意,同意,普通,同意,同意,同意,普通,非常不同意,普通,不同意,普通,普通,同意,同意
2020-5-21 下午08:55:10,女,16~20歲,高中(職),學生,工讀,20000元以下,否,普通,普通,普通,普通,同意,普通,不同意,不同意,非常同意,非常同意,非常同意,普通,普通,普通,同意,普通,不同意,普通,同意,不同意,同意,普通,普通,普通,不同意,同意,普通,普通,普通,普通,非常不同意,普通,不同意,不同意,非常不同意,普通,普通
2020-5-21 下午09:00:19,男,16~20歲,大專院校,學生,全職學生,20000元以下,是,普通,普通,不同意,不同意,普通,不同意,不同意,非常不同意,同意,同意,普通,普通,非常同意,普通,普通,同意,同意,同意,普通,同意,普通,普通,普通,普通,普通,普通,不同意,不同意,普通,普通,同意,普通,不同意,普通,不同意,普通,同意
2020-5-21 下午09:04:22,男,51歲以上,碩士以上,軍公教,全職,50001元以上,是,同意,同意,同意,同意,同意,普通,普通,普通,非常同意,非常同意,同意,同意,非常同意,普通,普通,同意,同意,同意,非常同意,同意,同意,同意,非常同意,非常同意,同意,同意,普通,同意,普通,普通,不同意,普通,普通,普通,普通,同意,同意
2020-5-21 下午09:12:42,男,16~20歲,高中(職),服務業,兼職,20001~30000元,否,同意,同意,普通,普通,普通,普通,普通,普通,普通,普通,普通,普通,普通,普通,普通,普通,普通,普通,普通,普通,普通,普通,普通,普通,普通,普通,普通,普通,普通,普通,普通,普通,普通,普通,普通,普通,普通
2020-5-21 下午09:14:17,男,16~20歲,大專院校,學生,兼職,20000元以下,否,普通,普通,普通,普通,普通,普通,普通,普通,普通,普通,普通,普通,普通,普通,普通,普通,普通,普通,普通,普通,普通,普通,普通,普通,普通,普通,普通,普通,普通,普通,普通,普通,普通,普通,普通,普通,普通
2020-5-21 下午09:21:31,男,16~20歲,大專院校,學生,兼職,20000元以下,是,同意,同意,普通,普通,同意,同意,普通,普通,同意,同意,同意,同意,同意,同意,同意,同意,同意,同意,同意,同意,普通,同意,同意,同意,普通,普通,同意,普通,同意,普通,不同意,普通,普通,普通,同意,普通,同意
2020-5-21 下午09:33:56,女,41~50歲,高中(職),服務業,全職,50001元以上,是,同意,同意,普通,普通,普通,普通,普通,普通,普通,普通,普通,普通,普通,普通,普通,普通,普通,同意,同意,同意,同意,同意,同意,同意,同意,同意,同意,同意,同意,同意,普通,同意,同意,同意,同意,同意,同意
2020-5-21 下午09:50:47,女,16~20歲,大專院校,學生,兼職,20000元以下,是,普通,普通,不同意,不同意,同意,普通,同意,普通,非常同意,非常同意,非常同意,普通,非常同意,同意,同意,同意,不同意,同意,同意,非常同意,普通,普通,同意,同意,非常同意,同意,普通,普通,同意,普通,同意,普通,普通,同意,普通,普通,普通
2020-5-21 下午09:54:30,男,21~30歲,高中(職),學生,待業,20000元以下,是,同意,同意,不同意,不同意,同意,同意,同意,同意,同意,同意,普通,普通,同意,同意,同意,同意,同意,同意,同意,普通,普通,同意,同意,同意,普通,普通,普通,普通,同意,普通,普通,同意,普通,普通,普通,同意,普通
2020-5-21 下午10:00:29,女,41~50歲,碩士以上,金融業,全職,50001元以上,是,同意,普通,普通,普通,普通,普通,非常不同意,非常不同意,同意,同意,同意,同意,同意,同意,同意,普通,普通,同意,同意,同意,同意,同意,同意,同意,普通,同意,普通,普通,普通,同意,普通,普通,普通,普通,普通,普通,普通
2020-5-21 下午10:03:10,女,16~20歲,大專院校,學生,全職學生,20000元以下,否,同意,同意,普通,普通,同意,同意,普通,不同意,非常同意,同意,非常同意,普通,同意,同意,同意,同意,普通,普通,普通,同意,同意,普通,普通,同意,普通,普通,普通,普通,同意,普通,普通,普通,不同意,普通,普通,不同意,普通
2020-5-21 下午10:13:53,男,21~30歲,大專院校,學生,全職學生,20000元以下,是,非常同意,同意,不同意,非常不同意,普通,非常同意,非常同意,同意,非常同意,非常同意,同意,普通,同意,同意,非常同意,非常同意,同意,非常同意,同意,同意,同意,非常同意,非常同意,同意,同意,同意,非常同意,非常同意,同意,普通,不同意,同意,普通,同意,普通,普通,同意
2020-5-21 下午10:16:30,男,21~30歲,大專院校,學生,全職學生,20000元以下,否,非常同意,非常同意,普通,普通,普通,普通,不同意,普通,非常不同意,非常不同意,非常不同意,非常不同意,不同意,同意,普通,不同意,同意,不同意,普通,普通,普通,同意,同意,普通,普通,不同意,普通,普通,同意,同意,普通,同意,普通,普通,不同意,普通,非常不同意
2020-5-21 下午10:18:13,女,16~20歲,大專院校,學生,全職學生,20000元以下,是,同意,同意,普通,普通,同意,不同意,普通,普通,非常同意,同意,同意,非常同意,非常同意,同意,同意,非常同意,同意,同意,非常同意,同意,同意,同意,非常同意,同意,同意,普通,同意,非常同意,同意,普通,普通,同意,普通,同意,同意,非常同意,同意
2020-5-21 下午10:22:52,女,21~30歲,大專院校,學生,全職學生,20000元以下,否,普通,同意,普通,不同意,普通,不同意,不同意,非常不同意,非常同意,非常同意,同意,同意,非常同意,普通,同意,普通,同意,同意,非常同意,同意,普通,非常同意,同意,非常同意,同意,同意,普通,普通,同意,普通,非常不同意,普通,不同意,不同意,普通,普通,同意
2020-5-21 下午10:31:56,男,16~20歲,大專院校,學生,待業,20000元以下,是,同意,同意,不同意,普通,同意,非常不同意,普通,不同意,同意,同意,普通,同意,非常同意,普通,同意,同意,同意,同意,同意,普通,普通,同意,同意,同意,同意,非常同意,同意,普通,同意,普通,普通,普通,不同意,同意,不同意,不同意,同意
2020-5-21 下午10:32:21,男,21~30歲,大專院校,學生,全職學生,20000元以下,是,同意,同意,普通,非常不同意,同意,不同意,非常不同意,非常不同意,非常同意,同意,同意,普通,同意,同意,普通,同意,普通,同意,同意,同意,同意,普通,普通,普通,普通,普通,同意,普通,普通,普通,普通,普通,普通,普通,普通,普通,同意
2020-5-21 下午10:35:04,女,21~30歲,大專院校,學生,全職學生,20000元以下,是,同意,普通,普通,同意,非常同意,同意,不同意,普通,同意,同意,非常同意,普通,同意,同意,同意,同意,普通,同意,同意,非常同意,普通,同意,普通,不同意,同意,普通,非常同意,同意,同意,同意,不同意,同意,普通,同意,普通,普通,同意
2020-5-21 下午10:38:51,女,21~30歲,大專院校,學生,兼職,20000元以下,否,普通,普通,不同意,非常不同意,非常不同意,不同意,非常不同意,非常不同意,非常同意,不同意,不同意,不同意,非常同意,不同意,普通,同意,非常不同意,不同意,同意,普通,同意,不同意,不同意,同意,普通,普通,不同意,不同意,不同意,不同意,非常不同意,非常不同意,非常不同意,非常不同意,非常不同意,非常不同意,非常同意
2020-5-21 下午10:55:15,女,21~30歲,大專院校,學生,全職學生,20000元以下,否,普通,普通,不同意,不同意,同意,普通,普通,普通,同意,非常同意,普通,普通,同意,同意,普通,普通,同意,普通,同意,普通,普通,不同意,普通,同意,普通,不同意,同意,普通,非常同意,不同意,非常不同意,不同意,不同意,普通,不同意,普通,同意
2020-5-21 下午10:55:31,男,21~30歲,大專院校,學生,全職,20000元以下,否,普通,普通,普通,普通,同意,同意,同意,同意,同意,同意,同意,同意,同意,同意,同意,同意,同意,同意,同意,同意,同意,同意,同意,同意,同意,同意,同意,同意,同意,同意,同意,同意,同意,同意,同意,同意,同意
2020-5-21 下午10:55:45,女,16~20歲,大專院校,學生,全職學生,20000元以下,是,同意,普通,普通,普通,同意,普通,普通,普通,同意,同意,同意,同意,同意,同意,同意,同意,同意,同意,同意,同意,同意,同意,同意,同意,同意,同意,同意,普通,同意,普通,不同意,普通,不同意,普通,普通,普通,同意
2020-5-21 下午10:59:26,女,21~30歲,碩士以上,學生,兼職,20000元以下,否,同意,普通,普通,普通,同意,普通,不同意,不同意,同意,同意,非常同意,普通,同意,同意,同意,同意,普通,同意,同意,同意,普通,同意,同意,同意,普通,同意,普通,不同意,普通,普通,不同意,普通,普通,不同意,不同意,普通,同意
2020-5-21 下午11:04:46,女,16~20歲,大專院校,學生,兼職,20000元以下,否,同意,同意,普通,普通,普通,不同意,不同意,不同意,普通,不同意,普通,不同意,同意,同意,普通,普通,同意,普通,同意,普通,普通,普通,普通,普通,普通,普通,普通,普通,同意,普通,普通,普通,普通,普通,普通,普通,普通
2020-5-21 下午11:11:56,女,21~30歲,大專院校,學生,兼職,20001~30000元,否,同意,非常同意,普通,同意,非常同意,不同意,同意,普通,同意,非常同意,非常同意,普通,同意,同意,同意,同意,同意,同意,同意,非常同意,同意,同意,同意,非常同意,同意,普通,非常同意,非常同意,非常同意,同意,普通,同意,普通,同意,同意,普通,普通
2020-5-21 下午11:12:13,女,31~40歲,碩士以上,服務業,全職,30001~40000元,是,非常同意,同意,同意,同意,非常同意,非常同意,普通,普通,非常同意,非常同意,同意,同意,非常同意,普通,同意,同意,非常同意,同意,同意,同意,非常同意,非常同意,非常同意,非常同意,非常同意,非常同意,同意,同意,同意,普通,普通,同意,不同意,普通,普通,非常同意,非常同意
2020-5-21 下午11:12:29,女,21~30歲,大專院校,學生,全職學生,20000元以下,是,普通,普通,不同意,非常不同意,普通,不同意,非常不同意,非常不同意,同意,同意,非常同意,普通,普通,非常同意,同意,同意,同意,普通,同意,同意,同意,同意,同意,同意,同意,同意,普通,普通,普通,同意,同意,普通,普通,普通,普通,同意,同意
2020-5-21 下午11:18:32,女,21~30歲,大專院校,學生,全職學生,20000元以下,否,普通,普通,普通,非常不同意,同意,同意,非常不同意,不同意,非常同意,同意,同意,同意,非常同意,非常同意,非常同意,同意,普通,同意,普通,普通,普通,普通,普通,同意,同意,同意,同意,不同意,同意,不同意,同意,普通,不同意,普通,普通,不同意,普通
2020-5-21 下午11:20:44,男,21~30歲,大專院校,學生,全職學生,20000元以下,否,非常同意,不同意,普通,普通,同意,同意,不同意,非常不同意,不同意,不同意,非常不同意,同意,同意,不同意,非常不同意,普通,同意,不同意,同意,普通,普通,非常不同意,不同意,普通,不同意,同意,同意,非常不同意,非常同意,同意,不同意,非常同意,同意,不同意,非常不同意,普通,普通
2020-5-21 下午11:21:51,女,21~30歲,大專院校,學生,全職學生,20000元以下,否,普通,普通,普通,普通,同意,同意,不同意,不同意,同意,非常同意,非常同意,普通,同意,同意,普通,普通,同意,同意,同意,同意,普通,非常同意,同意,同意,非常同意,普通,普通,不同意,普通,不同意,不同意,不同意,普通,同意,不同意,普通,非常同意
2020-5-21 下午11:32:48,女,16~20歲,大專院校,學生,全職學生,20000元以下,是,同意,同意,不同意,非常不同意,普通,普通,不同意,非常不同意,非常同意,非常同意,非常同意,普通,非常同意,同意,普通,非常同意,普通,同意,同意,同意,普通,同意,普通,普通,同意,普通,不同意,普通,普通,不同意,不同意,不同意,普通,普通,普通,非常不同意,普通
2020-5-21 下午11:33:07,女,21~30歲,大專院校,學生,兼職,20000元以下,是,普通,普通,普通,普通,普通,普通,普通,普通,不同意,不同意,同意,同意,同意,同意,普通,普通,普通,普通,普通,普通,普通,普通,普通,普通,普通,普通,普通,普通,普通,普通,普通,普通,普通,普通,同意,同意,同意
2020-5-21 下午11:33:33,男,16~20歲,大專院校,學生,全職學生,20000元以下,否,同意,普通,普通,普通,同意,普通,普通,普通,同意,同意,同意,普通,同意,同意,同意,同意,同意,同意,同意,普通,普通,普通,普通,同意,普通,普通,同意,同意,同意,普通,不同意,普通,普通,普通,普通,不同意,同意
2020-5-21 下午11:34:06,女,16~20歲,大專院校,學生,全職學生,20000元以下,是,同意,同意,普通,普通,非常同意,同意,普通,不同意,非常同意,非常同意,非常同意,同意,同意,非常同意,非常同意,同意,非常同意,同意,普通,普通,普通,普通,同意,同意,同意,普通,非常同意,非常同意,非常同意,同意,普通,普通,普通,普通,普通,同意,普通
2020-5-21 下午11:35:46,男,16~20歲,大專院校,資訊,實習,30001~40000元,是,普通,普通,普通,非常不同意,普通,不同意,非常不同意,非常不同意,普通,同意,同意,普通,普通,普通,普通,同意,普通,同意,同意,普通,普通,普通,普通,同意,普通,不同意,不同意,不同意,不同意,不同意,普通,不同意,非常不同意,普通,非常不同意,同意,同意
2020-5-21 下午11:36:11,男,16~20歲,高中(職),學生,全職學生,20000元以下,是,同意,普通,普通,普通,同意,同意,普通,普通,非常同意,非常同意,非常同意,同意,非常同意,普通,同意,同意,同意,同意,同意,同意,非常同意,同意,同意,同意,同意,普通,普通,同意,同意,普通,不同意,普通,不同意,普通,同意,同意,非常同意
2020-5-21 下午11:38:07,男,16~20歲,高中(職),學生,全職學生,20000元以下,是,同意,同意,普通,普通,同意,不同意,不同意,不同意,非常同意,非常同意,非常同意,同意,同意,同意,同意,同意,同意,同意,同意,同意,同意,同意,同意,同意,同意,同意,同意,同意,同意,普通,普通,普通,普通,普通,普通,不同意,非常同意
2020-5-21 下午11:39:20,女,16~20歲,大專院校,學生,全職學生,20000元以下,是,同意,同意,不同意,不同意,同意,普通,非常不同意,非常不同意,非常同意,非常同意,同意,同意,非常同意,同意,普通,普通,普通,同意,普通,普通,普通,同意,同意,非常同意,同意,同意,同意,不同意,同意,同意,不同意,普通,普通,普通,普通,不同意,同意
2020-5-21 下午11:41:52,女,21~30歲,大專院校,學生,全職學生,20000元以下,否,普通,同意,普通,同意,非常同意,同意,非常同意,同意,同意,非常同意,同意,同意,非常同意,普通,同意,普通,非常同意,普通,同意,同意,同意,普通,同意,同意,普通,普通,非常同意,同意,同意,同意,普通,普通,不同意,普通,同意,同意,非常同意
2020-5-21 下午11:42:05,女,16~20歲,大專院校,學生,全職學生,20000元以下,是,普通,普通,普通,普通,同意,普通,不同意,不同意,普通,同意,同意,普通,同意,同意,普通,同意,同意,普通,普通,普通,普通,普通,普通,普通,普通,普通,同意,普通,同意,普通,普通,普通,普通,普通,普通,不同意,普通
2020-5-21 下午11:42:21,男,16~20歲,高中(職),學生,全職學生,20000元以下,是,非常同意,非常同意,同意,普通,非常同意,普通,普通,普通,非常同意,非常同意,非常同意,同意,非常同意,同意,非常同意,非常同意,同意,非常同意,非常同意,非常同意,非常同意,非常同意,非常同意,非常同意,非常同意,非常同意,非常同意,非常同意,非常同意,非常同意,不同意,普通,普通,同意,普通,同意,同意
2020-5-21 下午11:42:44,女,16~20歲,大專院校,學生,全職學生,20000元以下,是,同意,同意,同意,普通,同意,普通,普通,普通,同意,非常同意,普通,普通,普通,同意,普通,普通,同意,同意,同意,普通,普通,普通,普通,普通,普通,普通,同意,普通,同意,普通,不同意,普通,普通,同意,普通,同意,同意
2020-5-21 下午11:42:55,女,21~30歲,大專院校,學生,全職學生,20000元以下,是,同意,同意,同意,同意,普通,非常不同意,非常不同意,普通,非常同意,非常同意,非常同意,非常同意,非常同意,同意,同意,普通,同意,同意,同意,同意,同意,同意,普通,同意,同意,同意,普通,普通,普通,不同意,普通,普通,不同意,普通,普通,普通,同意
2020-5-21 下午11:43:28,男,16~20歲,大專院校,學生,兼職,20000元以下,否,同意,同意,同意,普通,同意,不同意,普通,普通,非常同意,同意,同意,同意,同意,同意,同意,同意,普通,同意,同意,同意,同意,同意,同意,同意,同意,同意,普通,普通,普通,普通,普通,普通,普通,普通,普通,普通,普通
2020-5-21 下午11:43:28,女,16~20歲,大專院校,學生,全職學生,20000元以下,是,同意,普通,不同意,非常不同意,同意,同意,不同意,不同意,同意,同意,同意,不同意,同意,同意,普通,同意,同意,普通,同意,普通,普通,不同意,普通,同意,普通,不同意,同意,不同意,同意,同意,非常不同意,普通,普通,同意,普通,普通,不同意
2020-5-21 下午11:43:35,女,51歲以上,碩士以上,軍公教,全職,50001元以上,是,同意,同意,普通,同意,同意,同意,不同意,普通,同意,同意,同意,普通,非常同意,同意,同意,同意,普通,同意,同意,同意,普通,普通,同意,同意,同意,普通,普通,同意,同意,普通,不同意,同意,普通,同意,普通,普通,同意
2020-5-21 下午11:43:51,女,21~30歲,大專院校,學生,兼職,20000元以下,是,同意,同意,普通,非常不同意,非常同意,普通,不同意,不同意,非常同意,非常同意,非常同意,普通,同意,同意,普通,普通,同意,普通,普通,普通,普通,普通,普通,普通,普通,普通,同意,普通,同意,不同意,非常不同意,普通,不同意,普通,普通,同意,同意
2020-5-21 下午11:45:49,女,16~20歲,大專院校,學生,兼職,20001~30000元,是,同意,普通,同意,同意,同意,同意,不同意,不同意,同意,同意,同意,普通,同意,同意,同意,同意,同意,同意,同意,同意,同意,同意,同意,同意,同意,普通,普通,同意,同意,普通,普通,不同意,不同意,同意,普通,普通,同意
2020-5-21 下午11:48:30,男,21~30歲,大專院校,學生,全職學生,20000元以下,是,普通,普通,普通,不同意,同意,不同意,普通,普通,普通,同意,同意,普通,普通,同意,普通,普通,同意,普通,同意,同意,普通,普通,同意,普通,普通,不同意,同意,同意,同意,同意,普通,同意,普通,同意,同意,同意,同意
2020-5-21 下午11:48:49,男,21~30歲,大專院校,學生,全職學生,20000元以下,是,同意,非常同意,普通,不同意,同意,不同意,普通,普通,非常同意,非常同意,非常同意,普通,非常同意,同意,同意,同意,同意,同意,非常同意,同意,普通,普通,普通,非常同意,同意,普通,同意,不同意,非常同意,普通,普通,不同意,非常不同意,普通,普通,同意,非常同意
2020-5-21 下午11:50:02,女,21~30歲,大專院校,學生,全職學生,20000元以下,否,同意,同意,普通,普通,非常同意,普通,非常不同意,非常不同意,非常同意,非常同意,非常同意,普通,同意,同意,同意,普通,同意,同意,普通,同意,同意,普通,同意,非常同意,同意,普通,同意,普通,同意,普通,普通,普通,普通,同意,同意,同意,普通
2020-5-21 下午11:50:14,女,21~30歲,大專院校,學生,全職學生,20000元以下,是,同意,普通,普通,不同意,同意,同意,普通,普通,同意,同意,同意,普通,同意,同意,同意,同意,不同意,同意,同意,同意,普通,同意,普通,不同意,同意,同意,同意,普通,普通,普通,非常不同意,普通,普通,普通,普通,普通,同意
2020-5-21 下午11:50:26,女,21~30歲,大專院校,學生,待業,50001元以上,否,非常同意,非常同意,非常同意,非常同意,非常同意,非常同意,非常同意,非常同意,非常同意,非常同意,非常同意,非常同意,非常同意,非常同意,非常同意,非常同意,非常同意,非常同意,非常同意,非常同意,非常同意,非常同意,非常同意,非常同意,非常同意,非常同意,非常同意,非常同意,非常同意,非常同意,非常同意,非常同意,非常同意,非常同意,非常同意,非常同意,非常同意
2020-5-21 下午11:50:33,女,16~20歲,大專院校,學生,全職學生,20000元以下,是,普通,同意,普通,普通,同意,同意,普通,普通,同意,同意,同意,同意,同意,普通,同意,同意,同意,普通,同意,同意,同意,同意,同意,同意,同意,普通,同意,同意,普通,普通,普通,普通,普通,普通,普通,不同意,普通
2020-5-21 下午11:51:24,女,21~30歲,大專院校,學生,兼職,20001~30000元,是,非常同意,同意,普通,不同意,同意,同意,不同意,普通,非常同意,同意,同意,不同意,同意,同意,同意,同意,普通,普通,同意,普通,普通,普通,普通,同意,普通,普通,同意,同意,同意,不同意,不同意,普通,普通,同意,同意,普通,普通
2020-5-21 下午11:52:04,女,51歲以上,大專院校,軍公教,全職,50001元以上,是,同意,同意,同意,同意,同意,同意,同意,同意,同意,普通,同意,普通,非常同意,普通,同意,同意,普通,同意,普通,同意,普通,普通,普通,普通,同意,同意,同意,同意,同意,同意,不同意,普通,同意,同意,普通,不同意,同意
2020-5-21 下午11:55:01,女,21~30歲,大專院校,學生,兼職,20000元以下,是,同意,同意,普通,普通,同意,同意,同意,普通,非常同意,非常同意,非常同意,普通,非常同意,普通,同意,普通,普通,非常同意,非常同意,同意,普通,普通,同意,同意,普通,普通,普通,非常不同意,同意,普通,普通,普通,普通,普通,普通,普通,普通
2020-5-21 下午11:58:24,男,51歲以上,碩士以上,軍公教,全職,50001元以上,是,非常不同意,普通,普通,不同意,非常不同意,普通,普通,不同意,非常同意,非常同意,非常同意,同意,非常同意,普通,同意,同意,不同意,同意,非常同意,同意,非常同意,非常同意,同意,不同意,非常同意,非常同意,非常同意,非常同意,非常同意,不同意,非常不同意,普通,不同意,同意,不同意,不同意,非常同意
2020-5-21 下午11:59:42,女,21~30歲,大專院校,學生,兼職,20000元以下,否,非常不同意,非常不同意,非常不同意,非常不同意,非常不同意,非常不同意,非常不同意,非常不同意,非常同意,非常同意,非常同意,普通,同意,不同意,同意,同意,普通,普通,同意,普通,普通,普通,不同意,不同意,不同意,不同意,非常不同意,非常不同意,非常不同意,非常不同意,不同意,非常不同意,非常不同意,非常不同意,非常不同意,同意,同意
2020-5-22 上午12:00:39,男,16~20歲,大專院校,學生,全職學生,20000元以下,是,同意,普通,普通,非常不同意,同意,同意,同意,同意,非常同意,非常同意,同意,非常同意,非常同意,同意,非常同意,非常同意,同意,同意,同意,非常同意,非常同意,非常同意,同意,同意,非常同意,同意,非常同意,同意,非常同意,同意,普通,同意,同意,非常同意,普通,非常同意,非常同意
2020-5-22 上午12:02:23,男,21~30歲,大專院校,學生,全職學生,20000元以下,是,同意,普通,普通,普通,非常同意,同意,不同意,不同意,非常同意,非常同意,同意,同意,同意,同意,同意,非常同意,非常同意,同意,普通,同意,非常同意,同意,非常同意,非常同意,同意,同意,同意,普通,同意,普通,不同意,普通,不同意,普通,普通,同意,不同意
2020-5-22 上午12:04:00,男,21~30歲,大專院校,學生,兼職,20000元以下,是,同意,同意,普通,非常不同意,同意,同意,不同意,不同意,同意,同意,同意,非常同意,同意,普通,同意,同意,非常同意,非常同意,非常同意,同意,非常同意,非常同意,同意,同意,非常同意,非常同意,普通,普通,普通,不同意,同意,不同意,不同意,同意,不同意,同意,同意
2020-5-22 上午12:07:28,女,16~20歲,大專院校,學生,兼職,20000元以下,是,同意,非常同意,普通,普通,非常同意,同意,普通,同意,非常同意,非常同意,同意,同意,非常同意,普通,非常同意,非常同意,普通,非常同意,非常同意,同意,普通,同意,同意,非常同意,非常同意,同意,非常同意,同意,非常同意,普通,不同意,普通,不同意,同意,普通,非常同意,普通
2020-5-22 上午12:08:32,女,21~30歲,大專院校,學生,全職學生,20000元以下,是,同意,普通,普通,普通,同意,普通,普通,普通,非常同意,同意,普通,同意,非常同意,同意,同意,同意,同意,同意,同意,同意,普通,普通,普通,同意,同意,同意,普通,不同意,普通,普通,同意,普通,普通,同意,普通,同意,同意
2020-5-22 上午12:12:16,女,16~20歲,大專院校,學生,全職學生,20000元以下,是,非常同意,非常同意,同意,普通,同意,同意,普通,普通,非常同意,非常同意,非常同意,同意,非常同意,非常同意,非常同意,非常同意,同意,非常同意,非常同意,非常同意,同意,同意,同意,非常同意,同意,同意,同意,普通,非常同意,普通,不同意,普通,不同意,同意,普通,普通,普通
2020-5-22 上午12:14:20,男,21~30歲,大專院校,學生,全職學生,20000元以下,是,同意,同意,普通,普通,同意,普通,同意,普通,非常同意,同意,同意,同意,非常同意,同意,同意,同意,同意,同意,同意,同意,同意,同意,同意,同意,同意,普通,同意,普通,同意,同意,同意,普通,普通,同意,同意,同意,同意
2020-5-22 上午12:14:32,女,21~30歲,大專院校,學生,兼職,20000元以下,否,普通,普通,普通,普通,普通,普通,普通,普通,非常同意,非常同意,非常同意,非常同意,同意,非常同意,同意,非常同意,非常同意,非常同意,非常同意,非常同意,非常同意,非常同意,非常同意,非常同意,非常同意,非常同意,同意,同意,同意,不同意,非常不同意,不同意,非常不同意,非常不同意,非常不同意,非常不同意,普通
2020-5-22 上午12:18:08,女,16~20歲,大專院校,學生,全職學生,20000元以下,否,同意,普通,同意,同意,普通,普通,普通,普通,非常同意,非常同意,同意,非常同意,普通,同意,同意,同意,非常同意,普通,同意,同意,普通,同意,同意,同意,普通,普通,普通,普通,同意,同意,同意,普通,普通,普通,普通,同意,普通
2020-5-22 上午12:18:43,女,21~30歲,大專院校,學生,兼職,20001~30000元,是,非常同意,同意,不同意,非常不同意,不同意,非常不同意,非常不同意,非常不同意,非常同意,非常同意,普通,不同意,非常同意,非常同意,普通,普通,同意,普通,同意,普通,普通,同意,普通,同意,普通,普通,同意,普通,同意,普通,普通,不同意,不同意,普通,不同意,非常同意,同意
2020-5-22 上午12:22:05,男,21~30歲,大專院校,學生,全職學生,20000元以下,是,同意,同意,普通,普通,同意,同意,普通,普通,同意,同意,普通,普通,同意,同意,同意,同意,同意,同意,同意,同意,普通,普通,同意,同意,同意,同意,同意,同意,同意,同意,不同意,普通,普通,同意,普通,同意,同意
2020-5-22 上午12:22:57,女,16~20歲,大專院校,學生,全職學生,20000元以下,是,同意,同意,同意,普通,同意,普通,普通,普通,非常同意,非常同意,同意,普通,同意,同意,同意,同意,同意,普通,同意,同意,普通,普通,普通,同意,普通,普通,同意,同意,同意,普通,同意,普通,普通,同意,普通,非常同意,同意
2020-5-22 上午12:23:45,女,16~20歲,大專院校,學生,全職學生,20000元以下,是,普通,同意,不同意,不同意,同意,普通,不同意,不同意,同意,同意,普通,同意,同意,同意,同意,同意,同意,普通,普通,普通,普通,普通,普通,普通,不同意,普通,同意,同意,同意,普通,不同意,普通,普通,普通,普通,同意,非常同意
2020-5-22 上午12:25:03,男,21~30歲,大專院校,學生,全職學生,20000元以下,否,同意,同意,普通,普通,同意,同意,同意,普通,同意,同意,普通,同意,同意,同意,普通,普通,同意,普通,同意,同意,同意,普通,同意,同意,普通,同意,同意,普通,同意,同意,普通,同意,普通,同意,普通,普通,同意
2020-5-22 上午12:25:39,男,21~30歲,大專院校,自由業,待業,20000元以下,是,同意,同意,普通,普通,同意,同意,不同意,普通,非常同意,同意,普通,普通,同意,同意,同意,普通,同意,同意,同意,同意,普通,同意,同意,同意,同意,普通,同意,同意,同意,普通,同意,同意,同意,同意,普通,不同意,同意
2020-5-22 上午12:27:08,男,21~30歲,大專院校,學生,兼職,20000元以下,否,非常同意,非常同意,不同意,不同意,同意,普通,普通,普通,非常同意,普通,普通,同意,同意,同意,同意,普通,同意,同意,同意,同意,普通,普通,普通,同意,普通,普通,普通,不同意,普通,普通,非常不同意,不同意,非常不同意,普通,普通,同意,同意
2020-5-22 上午12:28:29,女,21~30歲,大專院校,學生,兼職,20000元以下,是,同意,同意,普通,普通,非常同意,普通,普通,普通,非常同意,非常同意,非常同意,普通,同意,同意,同意,普通,同意,同意,同意,同意,同意,普通,普通,同意,普通,普通,非常同意,同意,同意,普通,不同意,普通,普通,同意,普通,不同意,普通
2020-5-22 上午12:30:51,女,16~20歲,大專院校,學生,全職學生,20000元以下,否,普通,普通,不同意,不同意,同意,同意,同意,普通,同意,同意,普通,普通,同意,同意,同意,同意,普通,普通,普通,普通,普通,普通,普通,同意,普通,普通,同意,普通,同意,普通,普通,普通,普通,普通,普通,普通,同意
2020-5-22 上午12:32:35,女,21~30歲,大專院校,學生,全職學生,20000元以下,是,同意,普通,普通,不同意,同意,同意,不同意,普通,非常同意,非常同意,非常同意,普通,普通,普通,同意,普通,同意,非常同意,非常同意,普通,同意,同意,普通,同意,同意,同意,非常同意,同意,同意,普通,不同意,普通,同意,普通,普通,同意,普通
2020-5-22 上午12:33:42,女,21~30歲,大專院校,學生,兼職,20000元以下,否,普通,普通,普通,普通,同意,普通,不同意,不同意,同意,同意,同意,同意,同意,普通,普通,同意,普通,同意,同意,普通,同意,同意,同意,同意,同意,同意,不同意,不同意,同意,普通,普通,普通,普通,同意,普通,同意,同意
2020-5-22 上午12:34:58,女,16~20歲,大專院校,學生,全職學生,20000元以下,否,普通,同意,普通,普通,同意,普通,不同意,普通,同意,同意,同意,普通,普通,同意,普通,普通,普通,同意,同意,普通,普通,普通,普通,普通,普通,同意,同意,普通,同意,普通,不同意,普通,普通,普通,普通,不同意,同意
2020-5-22 上午12:37:06,女,16~20歲,大專院校,學生,兼職,20000元以下,是,非常同意,同意,普通,同意,同意,不同意,同意,普通,非常同意,非常同意,非常同意,非常同意,普通,非常同意,同意,非常同意,同意,同意,非常同意,同意,同意,普通,普通,同意,普通,普通,同意,普通,同意,普通,不同意,普通,普通,普通,普通,同意,普通
2020-5-22 上午12:42:26,女,21~30歲,大專院校,學生,兼職,20001~30000元,是,同意,同意,普通,不同意,同意,不同意,不同意,不同意,非常同意,同意,同意,普通,同意,普通,普通,普通,同意,同意,普通,普通,不同意,普通,普通,同意,普通,不同意,同意,同意,同意,普通,同意,普通,非常不同意,普通,普通,不同意,不同意
2020-5-22 上午12:42:53,女,16~20歲,大專院校,學生,全職學生,20000元以下,是,同意,普通,普通,非常不同意,同意,普通,非常不同意,非常不同意,非常同意,同意,同意,同意,同意,同意,普通,同意,同意,同意,同意,普通,普通,同意,不同意,普通,普通,非常不同意,同意,不同意,同意,普通,非常不同意,不同意,不同意,普通,不同意,普通,普通
2020-5-22 上午12:49:03,男,21~30歲,大專院校,學生,全職學生,20000元以下,是,同意,同意,普通,普通,同意,非常同意,同意,不同意,非常同意,非常同意,同意,同意,非常同意,非常同意,同意,同意,同意,非常同意,非常同意,同意,普通,普通,普通,非常同意,同意,同意,同意,同意,同意,普通,非常不同意,普通,普通,普通,普通,同意,普通
2020-5-22 上午12:58:56,女,21~30歲,大專院校,學生,全職學生,20000元以下,否,同意,同意,同意,非常不同意,非常同意,同意,同意,普通,非常同意,非常同意,非常同意,非常同意,非常同意,同意,同意,同意,同意,同意,非常同意,非常同意,非常同意,非常同意,非常同意,非常同意,同意,不同意,同意,非常同意,非常同意,非常同意,普通,非常同意,非常不同意,普通,普通,普通,非常同意
2020-5-22 上午01:00:35,女,16~20歲,大專院校,學生,兼職,20000元以下,是,同意,同意,普通,普通,同意,普通,普通,普通,同意,同意,同意,同意,同意,非常同意,同意,普通,非常同意,普通,普通,普通,普通,普通,普通,同意,普通,不同意,普通,普通,同意,普通,普通,普通,普通,普通,普通,不同意,非常同意
2020-5-22 上午01:00:36,女,16~20歲,大專院校,學生,全職學生,20000元以下,否,普通,普通,普通,普通,普通,普通,普通,普通,普通,普通,普通,普通,普通,普通,普通,普通,普通,普通,普通,普通,普通,普通,普通,普通,普通,普通,普通,普通,普通,普通,非常不同意,不同意,不同意,普通,普通,非常不同意,同意
2020-5-22 上午01:03:26,女,21~30歲,大專院校,學生,兼職,20000元以下,是,同意,同意,普通,普通,非常同意,同意,非常同意,同意,非常同意,非常同意,非常同意,不同意,非常同意,非常同意,普通,同意,非常同意,同意,同意,普通,同意,同意,普通,非常同意,非常同意,普通,非常同意,同意,非常同意,普通,非常不同意,普通,普通,同意,普通,非常不同意,非常同意
2020-5-22 上午01:10:05,男,16~20歲,大專院校,學生,全職學生,20000元以下,是,普通,普通,普通,普通,普通,同意,同意,同意,普通,普通,普通,普通,同意,普通,同意,普通,普通,普通,普通,普通,普通,不同意,同意,同意,普通,普通,同意,同意,普通,同意,普通,同意,同意,普通,普通,普通,同意
2020-5-22 上午01:12:36,男,21~30歲,大專院校,學生,全職學生,20000元以下,否,同意,同意,不同意,不同意,同意,普通,不同意,不同意,非常同意,非常同意,普通,不同意,同意,同意,普通,普通,非常同意,同意,同意,同意,同意,同意,同意,同意,同意,同意,同意,同意,同意,同意,同意,同意,同意,同意,同意,同意,同意
2020-5-22 上午01:15:02,男,16~20歲,大專院校,學生,全職學生,20000元以下,否,同意,同意,同意,普通,普通,同意,普通,普通,非常同意,同意,同意,非常同意,非常同意,同意,非常同意,同意,同意,同意,同意,同意,普通,同意,同意,同意,同意,同意,普通,普通,同意,普通,不同意,不同意,普通,普通,普通,普通,同意
2020-5-22 上午01:19:21,女,16~20歲,大專院校,學生,全職學生,20000元以下,是,同意,同意,普通,普通,同意,同意,普通,普通,非常同意,同意,普通,同意,非常同意,同意,普通,同意,同意,同意,同意,普通,普通,同意,普通,非常同意,同意,同意,同意,普通,同意,同意,同意,同意,普通,普通,普通,普通,同意
2020-5-22 上午01:23:37,女,21~30歲,大專院校,學生,全職學生,20000元以下,是,同意,普通,普通,普通,同意,同意,普通,普通,非常同意,非常同意,同意,普通,同意,不同意,同意,普通,同意,同意,非常同意,同意,同意,普通,普通,同意,普通,普通,普通,同意,普通,不同意,不同意,普通,不同意,普通,不同意,同意,普通
2020-5-22 上午01:28:13,女,31~40歲,大專院校,出版,兼職,20001~30000元,是,普通,不同意,不同意,非常不同意,普通,普通,普通,不同意,同意,普通,不同意,普通,同意,不同意,普通,不同意,非常同意,普通,同意,普通,普通,普通,普通,同意,普通,普通,同意,同意,普通,普通,普通,普通,不同意,普通,不同意,普通,同意
2020-5-22 上午01:29:07,女,16~20歲,大專院校,學生,全職學生,20000元以下,是,同意,同意,普通,同意,同意,同意,同意,普通,非常同意,同意,同意,普通,同意,普通,同意,同意,同意,同意,非常同意,同意,同意,同意,同意,同意,普通,普通,不同意,普通,同意,普通,普通,普通,普通,普通,普通,普通,非常同意
2020-5-22 上午01:33:19,女,16~20歲,大專院校,學生,兼職,20000元以下,是,普通,普通,普通,普通,普通,普通,普通,普通,普通,普通,普通,普通,普通,普通,普通,普通,普通,普通,普通,普通,普通,普通,普通,普通,普通,普通,普通,普通,普通,普通,普通,普通,普通,普通,普通,普通,普通
2020-5-22 上午01:36:31,女,16~20歲,大專院校,學生,全職學生,20000元以下,是,同意,同意,普通,不同意,普通,普通,不同意,不同意,非常同意,同意,同意,普通,同意,同意,普通,非常同意,同意,非常同意,非常同意,普通,普通,普通,同意,同意,普通,普通,普通,普通,普通,同意,非常不同意,不同意,不同意,普通,不同意,普通,同意
2020-5-22 上午01:43:38,女,21~30歲,大專院校,學生,全職學生,20000元以下,是,同意,普通,不同意,非常不同意,同意,不同意,非常不同意,非常不同意,非常同意,非常同意,普通,普通,同意,普通,普通,不同意,同意,不同意,不同意,普通,普通,普通,普通,同意,普通,普通,普通,非常不同意,同意,普通,不同意,不同意,普通,不同意,普通,非常不同意,同意
2020-5-22 上午01:57:03,女,21~30歲,大專院校,學生,全職學生,20000元以下,是,普通,普通,普通,非常不同意,同意,同意,不同意,不同意,非常同意,同意,普通,普通,同意,同意,同意,同意,同意,同意,同意,同意,普通,同意,普通,同意,同意,普通,同意,普通,同意,不同意,非常不同意,不同意,不同意,普通,不同意,普通,同意
2020-5-22 上午01:58:11,女,16~20歲,大專院校,學生,兼職,20000元以下,否,普通,普通,不同意,不同意,普通,不同意,非常不同意,非常不同意,同意,同意,同意,同意,同意,普通,普通,普通,普通,普通,不同意,不同意,不同意,不同意,不同意,普通,普通,不同意,不同意,不同意,普通,非常不同意,非常不同意,非常不同意,非常不同意,非常不同意,非常不同意,非常不同意,普通
2020-5-22 上午02:02:14,女,21~30歲,大專院校,學生,全職學生,20000元以下,是,普通,同意,普通,普通,同意,不同意,不同意,非常不同意,非常同意,非常同意,非常同意,非常同意,非常同意,同意,同意,同意,同意,同意,同意,同意,同意,普通,同意,同意,同意,同意,普通,普通,普通,普通,非常不同意,不同意,不同意,普通,不同意,非常不同意,同意
2020-5-22 上午02:14:31,男,21~30歲,大專院校,學生,全職學生,20000元以下,否,非常同意,非常同意,非常不同意,非常不同意,普通,非常不同意,非常不同意,非常不同意,非常同意,非常同意,非常同意,普通,非常同意,非常不同意,同意,同意,普通,同意,同意,同意,普通,同意,普通,同意,同意,不同意,同意,普通,同意,不同意,非常不同意,普通,不同意,普通,不同意,同意,普通
2020-5-22 上午02:36:10,女,21~30歲,大專院校,學生,全職學生,20000元以下,是,普通,同意,普通,普通,普通,不同意,非常不同意,非常不同意,非常同意,普通,同意,同意,同意,同意,普通,普通,普通,同意,同意,同意,同意,同意,同意,同意,同意,同意,普通,普通,普通,不同意,不同意,普通,不同意,普通,普通,非常不同意,同意
2020-5-22 上午02:47:37,男,31~40歲,高中(職),自由業,全職,40001~50000元,是,同意,不同意,普通,普通,同意,不同意,不同意,普通,同意,非常同意,同意,同意,非常同意,不同意,同意,同意,同意,同意,非常同意,同意,同意,同意,非常同意,同意,同意,普通,同意,普通,同意,普通,非常不同意,普通,普通,同意,不同意,同意,非常同意
2020-5-22 上午02:49:54,女,16~20歲,大專院校,學生,全職學生,20000元以下,是,同意,同意,不同意,不同意,同意,同意,普通,普通,同意,同意,普通,普通,同意,同意,同意,同意,同意,普通,同意,普通,普通,普通,普通,同意,普通,普通,同意,普通,同意,普通,不同意,普通,普通,普通,普通,普通,非常同意
2020-5-22 上午04:32:45,男,21~30歲,大專院校,學生,全職學生,20000元以下,否,同意,普通,普通,普通,同意,普通,普通,普通,同意,同意,同意,同意,同意,同意,同意,同意,同意,普通,同意,同意,同意,同意,同意,同意,普通,同意,同意,同意,同意,同意,普通,普通,普通,普通,普通,非常同意,同意
2020-5-22 上午05:21:25,女,41~50歲,大專院校,金融業,全職,40001~50000元,否,非常同意,普通,非常不同意,非常不同意,普通,非常不同意,非常不同意,非常不同意,非常同意,非常同意,同意,普通,同意,不同意,普通,同意,不同意,普通,同意,不同意,非常不同意,非常不同意,普通,非常同意,不同意,同意,不同意,非常不同意,普通,不同意,不同意,非常不同意,非常不同意,不同意,不同意,同意,同意
2020-5-22 上午06:30:44,女,21~30歲,大專院校,學生,兼職,20000元以下,是,同意,普通,普通,不同意,同意,普通,同意,普通,同意,同意,同意,普通,同意,非常同意,非常同意,同意,同意,同意,非常同意,同意,同意,普通,普通,普通,同意,同意,普通,不同意,同意,同意,不同意,普通,同意,同意,普通,同意,同意
2020-5-22 上午08:08:53,女,21~30歲,大專院校,學生,全職學生,20000元以下,是,同意,普通,普通,普通,同意,同意,不同意,不同意,非常同意,普通,普通,同意,同意,同意,同意,同意,普通,同意,同意,同意,同意,普通,普通,普通,同意,普通,同意,普通,同意,普通,非常不同意,普通,同意,同意,普通,普通,同意
2020-5-22 上午08:14:24,女,16~20歲,大專院校,學生,兼職,20000元以下,是,非常同意,非常同意,普通,普通,非常同意,同意,普通,普通,非常同意,同意,同意,普通,非常同意,非常同意,同意,同意,非常同意,同意,同意,同意,同意,同意,同意,同意,同意,普通,非常同意,同意,非常同意,同意,普通,普通,普通,同意,普通,不同意,同意
2020-5-22 上午08:22:56,男,21~30歲,大專院校,金融業,全職,50001元以上,否,普通,同意,不同意,不同意,同意,普通,普通,普通,非常同意,非常同意,非常同意,同意,非常同意,非常同意,非常同意,非常同意,非常同意,普通,非常同意,同意,同意,同意,同意,同意,同意,普通,同意,普通,普通,普通,同意,普通,不同意,普通,普通,不同意,同意
2020-5-22 上午08:44:07,女,21~30歲,大專院校,學生,實習,20001~30000元,是,非常同意,普通,普通,普通,同意,同意,普通,普通,非常同意,非常同意,同意,普通,同意,同意,同意,同意,普通,同意,普通,同意,同意,普通,普通,同意,同意,同意,普通,普通,普通,普通,普通,同意,普通,同意,同意,普通,普通
2020-5-22 上午08:50:45,女,21~30歲,大專院校,學生,兼職,20000元以下,否,普通,同意,普通,普通,普通,不同意,不同意,不同意,普通,同意,普通,普通,普通,普通,普通,普通,普通,普通,同意,普通,普通,普通,普通,普通,不同意,不同意,普通,不同意,不同意,非常不同意,不同意,普通,不同意,普通,普通,不同意,同意
2020-5-22 上午08:55:33,女,16~20歲,大專院校,學生,全職學生,20000元以下,否,普通,普通,普通,普通,普通,普通,不同意,不同意,同意,非常同意,非常同意,普通,非常同意,普通,同意,同意,同意,同意,同意,同意,普通,同意,普通,普通,同意,普通,不同意,不同意,不同意,不同意,普通,普通,普通,普通,普通,不同意,同意
2020-5-22 上午08:56:21,男,16~20歲,大專院校,學生,兼職,20000元以下,否,普通,普通,普通,普通,普通,普通,同意,同意,非常同意,非常同意,同意,同意,同意,同意,同意,同意,同意,同意,非常同意,同意,同意,非常同意,非常同意,非常同意,非常同意,普通,同意,普通,同意,同意,普通,同意,普通,同意,普通,普通,非常同意
2020-5-22 上午09:00:23,女,16~20歲,大專院校,學生,全職學生,20000元以下,是,同意,同意,普通,普通,同意,同意,普通,普通,同意,同意,不同意,不同意,同意,不同意,同意,普通,同意,同意,同意,同意,同意,同意,同意,同意,同意,普通,同意,同意,同意,同意,不同意,同意,普通,同意,普通,不同意,同意
2020-5-22 上午09:12:39,女,16~20歲,大專院校,學生,兼職,20000元以下,是,同意,普通,同意,同意,同意,普通,普通,普通,同意,同意,同意,同意,同意,同意,同意,同意,同意,同意,同意,同意,普通,普通,同意,同意,普通,普通,非常同意,同意,同意,普通,普通,普通,普通,同意,普通,普通,普通
2020-5-22 上午09:27:46,男,21~30歲,大專院校,學生,全職學生,20000元以下,是,非常同意,非常同意,普通,普通,同意,普通,不同意,不同意,同意,同意,同意,普通,普通,普通,同意,同意,普通,同意,同意,同意,普通,同意,普通,同意,普通,普通,同意,同意,同意,不同意,不同意,普通,不同意,普通,不同意,不同意,同意
2020-5-22 上午09:31:41,女,21~30歲,大專院校,學生,全職學生,20000元以下,否,普通,普通,普通,普通,普通,普通,普通,普通,非常同意,非常同意,非常同意,非常同意,非常同意,非常同意,非常同意,非常同意,非常同意,普通,普通,非常同意,普通,普通,普通,非常同意,同意,不同意,不同意,不同意,不同意,不同意,不同意,不同意,不同意,不同意,不同意,不同意,非常同意
2020-5-22 上午09:32:22,男,21~30歲,大專院校,學生,全職學生,20000元以下,否,同意,同意,普通,普通,同意,普通,不同意,不同意,非常同意,非常同意,非常同意,普通,同意,普通,同意,同意,同意,同意,同意,普通,普通,同意,同意,同意,同意,同意,普通,普通,普通,普通,不同意,普通,普通,普通,普通,不同意,同意
2020-5-22 上午09:36:44,男,21~30歲,大專院校,學生,待業,20000元以下,是,普通,普通,普通,普通,普通,不同意,不同意,不同意,同意,普通,普通,普通,同意,不同意,普通,普通,普通,普通,普通,普通,普通,普通,普通,普通,普通,不同意,同意,普通,普通,普通,不同意,普通,普通,普通,普通,不同意,普通
2020-5-22 上午09:40:16,女,21~30歲,大專院校,學生,全職學生,20000元以下,否,非常同意,同意,普通,普通,非常同意,同意,普通,普通,非常同意,非常同意,非常同意,普通,非常同意,同意,同意,同意,同意,同意,非常同意,同意,普通,非常同意,同意,普通,同意,同意,同意,非常同意,非常同意,普通,不同意,不同意,同意,同意,普通,普通,同意
2020-5-22 上午09:44:32,女,21~30歲,大專院校,學生,全職學生,20000元以下,否,普通,非常不同意,不同意,不同意,同意,非常不同意,非常不同意,非常不同意,非常同意,同意,同意,同意,同意,非常同意,普通,普通,同意,普通,普通,普通,普通,不同意,普通,普通,普通,不同意,不同意,普通,不同意,不同意,不同意,非常不同意,普通,普通,普通,不同意,同意
2020-5-22 上午09:55:25,女,41~50歲,大專院校,服務業,兼職,20001~30000元,是,同意,同意,普通,不同意,同意,普通,不同意,不同意,同意,非常同意,同意,普通,同意,同意,同意,普通,同意,普通,同意,同意,普通,普通,普通,普通,普通,普通,同意,同意,同意,同意,普通,普通,普通,同意,普通,同意,同意
2020-5-22 上午10:01:59,男,41~50歲,大專院校,製造業,全職,50001元以上,是,普通,普通,普通,普通,普通,普通,同意,同意,非常同意,非常同意,非常同意,非常同意,非常同意,非常同意,非常同意,同意,不同意,同意,同意,非常同意,同意,非常同意,非常同意,非常同意,非常同意,非常同意,同意,非常同意,非常同意,非常同意,非常同意,非常同意,非常同意,非常同意,非常同意,非常同意,非常同意
2020-5-22 上午10:04:43,女,16~20歲,大專院校,學生,全職學生,20000元以下,否,普通,同意,不同意,不同意,同意,同意,同意,不同意,非常同意,非常同意,同意,不同意,同意,同意,同意,同意,同意,同意,同意,同意,同意,同意,同意,同意,同意,普通,同意,不同意,同意,同意,非常不同意,不同意,不同意,同意,不同意,不同意,同意
2020-5-22 上午10:07:24,男,21~30歲,大專院校,學生,全職學生,20000元以下,是,同意,同意,同意,普通,同意,非常同意,同意,普通,同意,同意,普通,同意,非常同意,同意,同意,同意,非常同意,同意,同意,普通,非常同意,同意,同意,同意,普通,普通,同意,普通,普通,同意,不同意,普通,普通,普通,普通,普通,同意
2020-5-22 上午10:09:06,女,21~30歲,大專院校,學生,全職學生,20000元以下,是,同意,普通,普通,普通,普通,普通,普通,普通,非常同意,非常同意,同意,普通,同意,同意,同意,普通,同意,同意,同意,同意,同意,普通,普通,普通,普通,不同意,普通,不同意,同意,普通,不同意,普通,普通,同意,普通,普通,同意
2020-5-22 上午10:10:14,女,16~20歲,大專院校,學生,兼職,20000元以下,是,同意,同意,同意,同意,同意,非常同意,非常同意,非常同意,非常同意,非常同意,同意,同意,同意,非常同意,非常同意,非常同意,非常同意,同意,非常同意,非常同意,非常同意,非常同意,同意,同意,非常同意,非常同意,非常同意,非常同意,同意,非常同意,非常同意,同意,普通,非常同意,同意,非常同意,非常同意
2020-5-22 上午10:13:27,男,16~20歲,大專院校,學生,全職學生,20000元以下,否,同意,同意,不同意,不同意,不同意,普通,普通,普通,普通,普通,普通,同意,同意,普通,同意,普通,不同意,普通,同意,同意,普通,同意,同意,同意,普通,同意,同意,同意,普通,同意,普通,同意,同意,普通,普通,同意,普通
2020-5-22 上午10:15:08,女,16~20歲,大專院校,學生,全職學生,20000元以下,是,同意,普通,普通,不同意,同意,普通,不同意,不同意,非常同意,非常同意,同意,同意,非常同意,非常同意,同意,同意,同意,同意,非常同意,同意,同意,同意,同意,非常同意,非常同意,同意,同意,不同意,同意,不同意,不同意,不同意,不同意,普通,普通,同意,普通
2020-5-22 上午10:19:56,女,31~40歲,大專院校,金融業,全職,50001元以上,是,同意,普通,普通,普通,同意,同意,普通,普通,同意,普通,同意,普通,普通,普通,普通,同意,普通,同意,普通,同意,普通,普通,同意,普通,普通,同意,同意,同意,同意,同意,普通,普通,普通,普通,不同意,不同意,同意
2020-5-22 上午10:33:32,女,16~20歲,大專院校,學生,全職學生,20000元以下,否,非常同意,同意,普通,不同意,普通,不同意,不同意,非常不同意,非常同意,非常同意,非常同意,同意,非常同意,同意,同意,同意,同意,同意,同意,普通,同意,普通,普通,同意,普通,普通,不同意,非常不同意,不同意,普通,不同意,普通,不同意,普通,普通,普通,同意
2020-5-22 上午10:37:14,男,16~20歲,大專院校,學生,全職學生,20000元以下,否,普通,普通,普通,普通,普通,普通,普通,普通,同意,同意,同意,同意,同意,同意,同意,同意,同意,非常同意,同意,同意,非常同意,非常同意,非常同意,非常同意,非常同意,非常同意,同意,非常同意,非常同意,不同意,不同意,普通,不同意,不同意,同意,同意,非常同意
2020-5-22 上午10:41:48,男,51歲以上,大專院校,退休人員,已退休,40001~50000元,是,同意,同意,普通,普通,同意,同意,普通,普通,同意,同意,同意,同意,非常同意,普通,非常同意,非常同意,同意,同意,非常同意,同意,同意,非常同意,非常同意,不同意,同意,非常同意,同意,同意,同意,同意,同意,同意,同意,同意,普通,同意,同意
2020-5-22 上午11:05:35,女,21~30歲,大專院校,服務業,全職,20001~30000元,否,同意,同意,普通,同意,同意,普通,普通,不同意,同意,同意,同意,同意,同意,同意,普通,同意,同意,同意,同意,同意,同意,同意,同意,同意,同意,普通,同意,普通,同意,普通,普通,普通,普通,普通,普通,普通,普通
2020-5-22 上午11:06:16,男,21~30歲,大專院校,學生,全職學生,20000元以下,是,同意,同意,普通,普通,同意,同意,普通,普通,同意,非常同意,同意,普通,非常同意,同意,同意,同意,同意,同意,同意,同意,同意,普通,同意,同意,非常同意,同意,同意,同意,同意,同意,普通,同意,不同意,同意,普通,同意,同意
2020-5-22 上午11:06:18,男,16~20歲,大專院校,學生,全職學生,20000元以下,否,非常同意,非常同意,不同意,不同意,非常同意,普通,普通,不同意,非常同意,同意,非常同意,非常同意,非常同意,同意,同意,同意,非常同意,同意,非常同意,同意,同意,同意,同意,同意,普通,同意,普通,普通,普通,普通,不同意,普通,普通,普通,普通,普通,同意
2020-5-22 上午11:07:06,男,16~20歲,大專院校,學生,全職學生,20000元以下,否,同意,同意,不同意,非常不同意,非常同意,普通,普通,普通,同意,同意,非常同意,普通,非常同意,普通,同意,同意,非常同意,同意,同意,普通,同意,普通,普通,普通,同意,同意,同意,普通,同意,普通,普通,同意,普通,同意,不同意,普通,同意
2020-5-22 上午11:11:06,女,16~20歲,大專院校,學生,全職學生,20000元以下,是,同意,普通,不同意,不同意,普通,不同意,非常不同意,不同意,非常同意,同意,普通,不同意,非常同意,同意,普通,同意,普通,同意,普通,普通,同意,普通,同意,同意,同意,不同意,普通,普通,同意,不同意,不同意,普通,不同意,同意,普通,普通,同意
2020-5-22 上午11:48:18,女,16~20歲,大專院校,學生,全職學生,50001元以上,否,不同意,普通,普通,非常不同意,同意,非常不同意,不同意,非常不同意,非常同意,非常同意,非常同意,同意,同意,普通,非常同意,普通,非常同意,普通,同意,普通,普通,普通,普通,普通,普通,普通,普通,普通,普通,普通,不同意,同意,不同意,不同意,不同意,非常同意,非常同意
2020-5-22 上午11:51:26,女,21~30歲,大專院校,學生,兼職,20000元以下,是,同意,同意,普通,普通,同意,普通,不同意,普通,非常同意,非常同意,同意,普通,非常同意,非常同意,同意,普通,同意,普通,同意,普通,同意,普通,不同意,普通,普通,不同意,不同意,不同意,普通,不同意,不同意,非常不同意,非常不同意,非常不同意,非常不同意,同意,同意
2020-5-22 下午12:02:02,男,21~30歲,大專院校,學生,全職學生,20000元以下,是,同意,同意,同意,不同意,普通,不同意,不同意,不同意,同意,同意,普通,同意,同意,同意,不同意,同意,非常同意,普通,非常同意,同意,普通,普通,普通,同意,不同意,普通,同意,不同意,普通,不同意,不同意,普通,不同意,不同意,不同意,普通,同意
2020-5-22 下午12:03:14,男,21~30歲,碩士以上,學生,全職學生,20001~30000元,否,普通,普通,不同意,不同意,同意,普通,不同意,不同意,普通,同意,同意,同意,同意,同意,同意,同意,普通,同意,同意,普通,普通,同意,普通,同意,同意,普通,普通,普通,普通,普通,普通,普通,普通,同意,普通,普通,普通
2020-5-22 下午12:18:28,女,21~30歲,大專院校,服務業,兼職,20001~30000元,是,同意,同意,普通,普通,同意,同意,普通,普通,同意,非常同意,非常同意,普通,同意,同意,普通,同意,普通,同意,同意,同意,普通,同意,同意,同意,同意,普通,同意,普通,同意,同意,普通,非常同意,同意,同意,普通,普通,同意
2020-5-22 下午12:32:57,女,41~50歲,大專院校,製造業,全職,20001~30000元,否,同意,同意,不同意,同意,同意,同意,不同意,不同意,同意,同意,普通,普通,同意,同意,普通,普通,普通,同意,同意,普通,普通,普通,普通,同意,普通,普通,同意,普通,同意,普通,不同意,不同意,不同意,普通,普通,不同意,同意
2020-5-22 下午12:39:36,女,21~30歲,大專院校,學生,全職學生,20000元以下,否,同意,同意,同意,普通,普通,普通,不同意,不同意,同意,非常同意,同意,非常同意,非常同意,普通,同意,同意,普通,同意,同意,同意,同意,同意,普通,同意,普通,普通,同意,普通,同意,普通,同意,普通,普通,普通,普通,不同意,同意
2020-5-22 下午12:46:38,男,21~30歲,大專院校,製造業,全職,40001~50000元,是,同意,同意,普通,非常不同意,非常同意,普通,不同意,非常不同意,同意,同意,同意,普通,非常同意,非常同意,同意,普通,同意,非常不同意,非常同意,同意,普通,普通,同意,非常同意,普通,同意,不同意,普通,非常同意,非常不同意,非常不同意,非常不同意,非常不同意,普通,普通,同意,普通
2020-5-22 下午12:47:40,女,21~30歲,大專院校,學生,全職學生,20000元以下,否,普通,普通,普通,普通,普通,普通,普通,普通,普通,普通,普通,普通,普通,普通,普通,普通,普通,普通,普通,普通,普通,普通,普通,普通,普通,普通,普通,普通,普通,普通,普通,普通,普通,普通,普通,普通,普通
2020-5-22 下午12:48:17,女,21~30歲,大專院校,學生,全職學生,20000元以下,是,非常同意,非常同意,普通,非常不同意,非常同意,普通,非常不同意,非常不同意,非常同意,非常同意,非常同意,非常同意,非常同意,非常同意,非常同意,非常同意,非常同意,非常同意,非常同意,非常同意,非常同意,非常同意,非常同意,非常同意,非常同意,非常同意,非常同意,非常同意,非常同意,不同意,非常不同意,非常不同意,普通,同意,普通,非常同意,非常同意
2020-5-22 下午12:51:18,男,21~30歲,大專院校,學生,全職學生,20000元以下,否,普通,普通,普通,不同意,同意,不同意,不同意,不同意,同意,同意,普通,普通,同意,普通,普通,同意,同意,普通,普通,普通,普通,普通,普通,同意,普通,普通,同意,普通,普通,不同意,不同意,普通,不同意,普通,普通,普通,同意
2020-5-22 下午12:51:37,女,21~30歲,碩士以上,自由業,全職,40001~50000元,是,同意,同意,同意,同意,同意,同意,普通,普通,同意,同意,同意,普通,同意,普通,同意,同意,不同意,同意,同意,同意,普通,普通,普通,普通,同意,同意,同意,普通,同意,普通,普通,普通,普通,同意,普通,不同意,同意
2020-5-22 下午01:03:49,女,16~20歲,大專院校,學生,全職學生,20000元以下,否,非常同意,普通,普通,普通,同意,普通,普通,不同意,非常同意,同意,非常同意,普通,同意,非常同意,普通,同意,非常同意,非常同意,非常同意,同意,非常同意,非常同意,非常同意,非常同意,普通,同意,普通,普通,普通,不同意,非常不同意,不同意,普通,普通,普通,不同意,非常同意
2020-5-22 下午01:13:43,女,21~30歲,國中以下,資訊,實習,50001元以上,否,普通,普通,普通,普通,普通,普通,普通,普通,普通,普通,普通,普通,普通,普通,普通,普通,普通,普通,普通,不同意,普通,同意,同意,普通,普通,普通,普通,普通,普通,普通,普通,普通,普通,非常同意,普通,普通,不同意
2020-5-22 下午01:17:02,女,16~20歲,大專院校,學生,全職學生,20000元以下,是,同意,同意,同意,同意,同意,同意,普通,普通,非常同意,同意,同意,同意,同意,普通,同意,同意,同意,同意,同意,同意,同意,同意,同意,同意,同意,普通,同意,同意,同意,同意,普通,同意,普通,普通,普通,普通,同意
2020-5-22 下午01:18:34,女,21~30歲,大專院校,學生,全職學生,20000元以下,是,同意,同意,不同意,非常不同意,不同意,同意,非常不同意,非常不同意,非常同意,普通,普通,同意,同意,同意,同意,普通,同意,同意,非常同意,普通,普通,普通,普通,同意,普通,不同意,不同意,不同意,同意,不同意,不同意,普通,不同意,普通,普通,普通,不同意
2020-5-22 下午01:25:03,女,16~20歲,大專院校,學生,全職學生,20000元以下,否,非常不同意,非常不同意,普通,普通,不同意,非常不同意,非常不同意,非常不同意,同意,同意,同意,普通,同意,不同意,同意,同意,同意,同意,非常同意,非常同意,同意,同意,非常同意,非常同意,同意,非常同意,不同意,非常不同意,不同意,不同意,同意,普通,不同意,同意,不同意,非常不同意,同意
2020-5-22 下午01:34:05,男,41~50歲,大專院校,醫事人員,全職,50001元以上,是,普通,普通,普通,普通,普通,普通,普通,普通,同意,同意,同意,同意,同意,同意,同意,同意,同意,普通,同意,普通,同意,同意,同意,同意,同意,同意,同意,同意,普通,同意,同意,同意,同意,同意,同意,同意,同意
2020-5-22 下午01:42:53,女,21~30歲,高中(職),服務業,全職,40001~50000元,是,非常同意,非常同意,普通,普通,同意,同意,普通,普通,同意,同意,同意,普通,普通,不同意,普通,普通,不同意,普通,普通,普通,普通,普通,普通,普通,普通,普通,同意,普通,同意,同意,非常不同意,普通,普通,普通,普通,同意,同意
2020-5-22 下午02:02:11,女,16~20歲,大專院校,學生,全職學生,20000元以下,是,同意,普通,不同意,不同意,普通,不同意,非常不同意,非常不同意,非常同意,非常同意,同意,不同意,同意,同意,同意,同意,普通,同意,非常同意,普通,普通,普通,普通,普通,普通,不同意,同意,同意,普通,普通,不同意,普通,普通,普通,普通,同意,不同意
2020-5-22 下午02:02:35,男,16~20歲,高中(職),學生,全職學生,20000元以下,是,同意,同意,普通,普通,普通,同意,普通,普通,非常同意,非常同意,非常同意,非常同意,非常同意,同意,非常同意,非常同意,普通,非常同意,非常同意,非常同意,普通,同意,普通,非常同意,非常同意,同意,同意,非常同意,同意,普通,普通,普通,普通,同意,普通,不同意,非常同意
2020-5-22 下午02:11:01,女,21~30歲,大專院校,學生,全職學生,20000元以下,否,同意,非常同意,普通,不同意,同意,非常不同意,普通,非常不同意,非常同意,非常同意,同意,同意,非常同意,不同意,同意,同意,普通,普通,同意,同意,普通,普通,同意,同意,同意,同意,同意,普通,非常同意,不同意,不同意,普通,普通,同意,普通,不同意,非常同意
2020-5-22 下午02:11:56,女,21~30歲,大專院校,學生,全職學生,20000元以下,否,普通,同意,不同意,不同意,不同意,不同意,不同意,不同意,同意,同意,不同意,不同意,同意,同意,不同意,普通,同意,同意,同意,不同意,普通,普通,普通,同意,普通,不同意,不同意,不同意,同意,不同意,同意,普通,不同意,普通,不同意,普通,同意
2020-5-22 下午02:47:17,女,41~50歲,碩士以上,軍公教,全職,50001元以上,是,同意,同意,普通,不同意,同意,普通,普通,普通,非常同意,同意,普通,普通,非常同意,同意,同意,同意,同意,同意,同意,同意,同意,普通,普通,同意,不同意,普通,同意,普通,同意,不同意,不同意,不同意,普通,同意,普通,同意,非常同意
2020-5-22 下午04:02:28,女,21~30歲,大專院校,學生,全職學生,20000元以下,否,同意,普通,不同意,不同意,不同意,普通,不同意,不同意,同意,同意,同意,普通,同意,同意,普通,同意,同意,同意,同意,同意,普通,普通,同意,同意,同意,同意,普通,普通,普通,不同意,普通,普通,不同意,普通,不同意,普通,同意
2020-5-22 下午04:13:43,女,21~30歲,大專院校,學生,全職學生,20000元以下,是,非常同意,普通,普通,普通,普通,非常不同意,非常不同意,非常不同意,非常同意,非常同意,非常同意,非常同意,非常同意,普通,同意,非常同意,同意,同意,同意,同意,普通,普通,同意,同意,同意,普通,普通,普通,普通,普通,非常不同意,不同意,普通,普通,不同意,不同意,同意
2020-5-22 下午04:14:43,男,21~30歲,大專院校,學生,全職學生,20000元以下,否,普通,普通,普通,普通,普通,普通,普通,普通,普通,普通,普通,普通,普通,普通,普通,普通,普通,非常不同意,非常同意,非常不同意,非常同意,非常不同意,非常同意,非常不同意,非常同意,非常不同意,非常不同意,非常同意,非常不同意,非常同意,非常不同意,非常同意,非常不同意,非常同意,非常不同意,非常同意,非常不同意
2020-5-22 下午04:42:38,女,31~40歲,碩士以上,軍公教,全職,30001~40000元,否,同意,普通,普通,普通,同意,同意,普通,普通,非常同意,同意,同意,普通,同意,同意,同意,同意,同意,同意,同意,同意,同意,同意,同意,同意,同意,同意,同意,同意,同意,普通,普通,同意,同意,同意,同意,普通,同意
2020-5-22 下午04:45:58,女,41~50歲,大專院校,自由業,全職,20001~30000元,是,同意,同意,同意,同意,同意,同意,同意,同意,同意,同意,同意,同意,同意,同意,同意,同意,同意,同意,同意,同意,同意,同意,同意,同意,同意,同意,同意,同意,同意,同意,同意,同意,同意,同意,同意,同意,同意
2020-5-22 下午05:55:41,女,21~30歲,大專院校,學生,兼職,20000元以下,是,同意,同意,普通,普通,同意,同意,不同意,不同意,非常同意,同意,同意,同意,非常同意,非常同意,同意,非常同意,同意,同意,非常同意,同意,同意,同意,同意,非常同意,同意,同意,同意,普通,非常同意,普通,普通,普通,普通,同意,普通,同意,同意
2020-5-22 下午06:35:43,女,21~30歲,大專院校,設計相關,全職,20001~30000元,否,同意,普通,不同意,不同意,同意,普通,不同意,不同意,非常同意,非常同意,非常同意,同意,同意,普通,普通,普通,普通,普通,普通,普通,普通,普通,普通,普通,普通,普通,同意,普通,同意,普通,普通,普通,普通,普通,普通,普通,同意
2020-5-22 下午06:37:25,男,51歲以上,高中(職),製造業,全職,30001~40000元,否,同意,非常同意,同意,普通,非常同意,同意,同意,同意,同意,不同意,同意,同意,同意,同意,同意,同意,同意,同意,同意,同意,同意,同意,同意,同意,同意,同意,同意,同意,同意,普通,普通,普通,普通,普通,普通,同意,同意
2020-5-22 下午06:55:19,女,16~20歲,大專院校,學生,兼職,20000元以下,否,同意,普通,普通,普通,同意,普通,不同意,不同意,同意,同意,同意,普通,同意,同意,同意,同意,同意,普通,同意,同意,同意,同意,同意,同意,同意,普通,同意,同意,同意,同意,不同意,普通,同意,同意,同意,普通,同意
2020-5-22 下午06:56:19,男,51歲以上,高中(職),製造業,全職,40001~50000元,否,普通,同意,不同意,普通,同意,普通,普通,同意,不同意,普通,同意,同意,同意,普通,同意,同意,同意,同意,同意,不同意,普通,同意,非常同意,非常不同意,普通,不同意,同意,同意,普通,同意,普通,普通,普通,普通,普通,普通,普通
2020-5-22 下午06:57:13,女,41~50歲,高中(職),服務業,兼職,20000元以下,否,普通,普通,普通,普通,普通,普通,普通,普通,普通,普通,普通,不同意,普通,普通,普通,普通,普通,普通,普通,普通,普通,普通,普通,普通,普通,普通,普通,普通,普通,普通,普通,普通,普通,普通,普通,普通,普通
2020-5-22 下午07:00:19,男,21~30歲,大專院校,學生,實習,20000元以下,是,不同意,不同意,普通,非常不同意,普通,非常不同意,非常不同意,非常不同意,普通,普通,同意,同意,同意,普通,同意,同意,同意,同意,非常同意,同意,普通,同意,同意,同意,非常同意,同意,普通,普通,不同意,普通,普通,不同意,不同意,普通,不同意,同意,非常同意
2020-5-22 下午07:16:47,男,16~20歲,大專院校,學生,全職學生,20000元以下,否,同意,同意,普通,普通,不同意,普通,普通,不同意,普通,同意,同意,非常同意,同意,非常同意,同意,同意,同意,同意,同意,同意,普通,同意,同意,同意,普通,普通,普通,普通,同意,普通,不同意,普通,普通,普通,普通,普通,同意
2020-5-22 下午07:31:53,男,21~30歲,大專院校,自由業,待業,20000元以下,否,普通,同意,普通,普通,同意,同意,普通,普通,非常同意,非常同意,普通,普通,同意,普通,普通,普通,普通,普通,普通,普通,普通,普通,普通,普通,普通,普通,同意,普通,普通,普通,不同意,普通,普通,普通,普通,同意,同意
2020-5-22 下午08:02:40,男,21~30歲,大專院校,學生,兼職,20000元以下,否,普通,非常不同意,非常不同意,非常不同意,非常不同意,非常不同意,非常不同意,非常不同意,同意,非常同意,普通,同意,普通,同意,不同意,普通,普通,同意,不同意,普通,普通,普通,不同意,普通,非常同意,普通,普通,不同意,非常不同意,非常不同意,非常不同意,普通,普通,同意,普通,普通,普通
2020-5-22 下午09:21:51,男,41~50歲,高中(職),運輸駕駛員,全職,50001元以上,否,同意,同意,普通,普通,同意,普通,普通,普通,普通,同意,普通,普通,普通,普通,不同意,不同意,同意,普通,同意,普通,普通,普通,普通,普通,普通,普通,同意,同意,同意,不同意,不同意,不同意,普通,普通,普通,不同意,非常同意
2020-5-22 下午09:23:52,女,16~20歲,大專院校,學生,全職學生,20000元以下,否,同意,同意,不同意,不同意,不同意,不同意,普通,普通,普通,普通,普通,普通,普通,同意,不同意,普通,普通,普通,同意,同意,同意,同意,同意,同意,同意,同意,同意,同意,同意,普通,非常不同意,不同意,不同意,不同意,普通,非常不同意,非常同意
2020-5-22 下午09:28:58,男,21~30歲,大專院校,自由業,全職,30001~40000元,否,普通,同意,普通,普通,同意,同意,普通,普通,非常同意,同意,同意,普通,同意,普通,普通,同意,同意,同意,同意,同意,普通,同意,同意,同意,同意,普通,普通,同意,同意,普通,普通,普通,普通,普通,普通,普通,同意
2020-5-22 下午09:44:58,女,21~30歲,大專院校,學生,全職學生,20000元以下,是,普通,不同意,不同意,普通,普通,普通,不同意,不同意,同意,同意,普通,普通,同意,同意,同意,同意,同意,同意,同意,普通,同意,同意,同意,非常同意,同意,同意,同意,普通,普通,普通,不同意,普通,普通,同意,普通,同意,同意
2020-5-22 下午10:09:10,女,21~30歲,大專院校,學生,兼職,20001~30000元,是,非常同意,非常同意,同意,非常同意,非常同意,非常同意,非常同意,非常同意,非常同意,同意,非常同意,不同意,非常同意,非常同意,普通,非常同意,不同意,非常同意,非常同意,普通,不同意,不同意,普通,非常同意,不同意,不同意,同意,不同意,非常同意,不同意,不同意,普通,普通,同意,普通,普通,普通
2020-5-22 下午11:20:58,男,21~30歲,大專院校,製造業,全職,30001~40000元,是,非常同意,同意,普通,普通,同意,同意,普通,普通,非常同意,非常同意,同意,普通,同意,同意,同意,同意,同意,同意,同意,同意,同意,同意,同意,普通,同意,同意,同意,普通,同意,同意,普通,同意,普通,同意,普通,不同意,同意
2020-5-22 下午11:30:03,男,21~30歲,大專院校,學生,兼職,20000元以下,否,同意,普通,普通,不同意,普通,不同意,不同意,不同意,同意,非常同意,同意,同意,同意,同意,普通,普通,同意,普通,普通,普通,同意,普通,同意,同意,同意,普通,普通,普通,同意,普通,不同意,不同意,普通,普通,普通,同意,同意
2020-5-22 下午11:40:40,女,16~20歲,大專院校,學生,全職學生,20000元以下,否,普通,普通,不同意,普通,同意,同意,普通,普通,非常同意,非常同意,非常同意,非常同意,非常同意,同意,同意,同意,同意,同意,同意,同意,同意,同意,同意,同意,同意,普通,普通,普通,普通,普通,不同意,普通,普通,普通,普通,不同意,同意
2020-5-23 上午02:48:23,女,16~20歲,大專院校,學生,兼職,20000元以下,否,普通,普通,普通,不同意,普通,普通,普通,普通,普通,普通,普通,普通,普通,普通,普通,普通,普通,不同意,不同意,普通,普通,普通,普通,不同意,普通,不同意,普通,同意,普通,不同意,非常不同意,不同意,普通,普通,不同意,不同意,非常同意
2020-5-23 上午10:54:39,女,16~20歲,高中(職),學生,兼職,20000元以下,否,非常不同意,非常不同意,非常不同意,非常不同意,非常不同意,非常不同意,非常不同意,非常不同意,非常不同意,非常不同意,非常不同意,非常不同意,非常不同意,非常不同意,非常不同意,非常不同意,非常不同意,非常不同意,非常不同意,非常不同意,非常同意,非常同意,非常同意,非常同意,非常同意,非常同意,非常同意,非常同意,非常同意,非常同意,非常同意,非常同意,非常同意,非常同意,非常同意,非常同意,非常同意
2020-5-23 下午12:24:40,女,21~30歲,大專院校,學生,全職學生,20000元以下,否,非常不同意,不同意,非常不同意,普通,非常不同意,非常不同意,非常不同意,非常不同意,非常同意,非常同意,同意,普通,同意,不同意,普通,普通,普通,普通,不同意,同意,普通,不同意,普通,普通,同意,不同意,非常不同意,非常不同意,不同意,不同意,普通,不同意,非常不同意,普通,不同意,普通,普通
2020-5-23 下午03:02:34,女,21~30歲,大專院校,服務業,全職,20001~30000元,是,普通,普通,不同意,非常不同意,普通,不同意,不同意,非常不同意,同意,同意,同意,普通,同意,非常同意,同意,同意,同意,同意,普通,同意,同意,普通,普通,同意,同意,同意,普通,不同意,普通,不同意,普通,不同意,不同意,普通,不同意,非常不同意,不同意
2020-5-23 下午03:03:20,女,21~30歲,大專院校,服務業,全職,30001~40000元,是,普通,同意,普通,不同意,同意,普通,同意,普通,非常同意,非常同意,同意,普通,同意,不同意,同意,同意,同意,同意,同意,同意,普通,普通,同意,同意,同意,普通,同意,普通,同意,普通,非常不同意,普通,同意,普通,普通,不同意,普通
2020-5-23 下午03:04:13,女,16~20歲,大專院校,學生,全職學生,20000元以下,是,同意,同意,普通,不同意,同意,普通,不同意,不同意,非常同意,非常同意,同意,不同意,非常同意,同意,同意,普通,非常不同意,普通,同意,同意,同意,普通,普通,普通,普通,普通,普通,普通,同意,普通,不同意,普通,普通,普通,普通,非常不同意,同意
2020-5-23 下午04:54:05,男,51歲以上,碩士以上,資訊,全職,50001元以上,是,同意,同意,同意,同意,同意,同意,同意,同意,同意,同意,同意,同意,同意,同意,同意,同意,同意,同意,同意,同意,同意,同意,同意,同意,同意,同意,同意,同意,同意,同意,同意,同意,同意,同意,同意,同意,同意
2020-5-23 下午04:58:39,女,21~30歲,大專院校,學生,全職學生,20000元以下,是,同意,非常同意,非常同意,非常同意,非常同意,同意,非常同意,非常同意,非常同意,普通,普通,同意,同意,同意,同意,同意,同意,同意,同意,同意,同意,普通,普通,同意,普通,同意,同意,普通,非常同意,普通,不同意,不同意,不同意,普通,不同意,不同意,同意
2020-5-23 下午05:33:00,女,16~20歲,大專院校,學生,全職學生,20000元以下,否,同意,同意,普通,不同意,普通,不同意,普通,不同意,非常同意,同意,同意,普通,同意,普通,普通,不同意,普通,同意,普通,同意,普通,同意,普通,普通,同意,普通,普通,普通,普通,普通,普通,普通,普通,普通,普通,普通,同意
2020-5-23 下午06:59:21,女,16~20歲,大專院校,學生,兼職,20000元以下,是,同意,普通,普通,普通,同意,普通,普通,普通,非常同意,同意,同意,普通,同意,同意,普通,普通,同意,非常同意,非常同意,同意,同意,同意,普通,同意,普通,普通,普通,不同意,同意,不同意,不同意,普通,普通,普通,不同意,不同意,普通
2020-5-23 下午07:14:35,男,16~20歲,大專院校,學生,全職學生,20000元以下,是,普通,普通,同意,同意,同意,同意,同意,同意,普通,普通,同意,同意,同意,同意,同意,同意,同意,同意,同意,同意,同意,同意,同意,同意,同意,同意,同意,同意,同意,普通,不同意,普通,不同意,普通,普通,不同意,普通
2020-5-23 下午07:18:05,女,21~30歲,大專院校,學生,全職學生,20000元以下,是,同意,同意,同意,同意,同意,同意,同意,同意,同意,同意,同意,普通,同意,同意,同意,同意,普通,同意,同意,同意,同意,同意,同意,同意,同意,同意,同意,同意,同意,同意,同意,同意,同意,同意,同意,同意,同意
2020-5-23 下午07:19:33,男,41~50歲,大專院校,服務業,全職,30001~40000元,是,普通,普通,同意,同意,同意,同意,同意,同意,同意,同意,同意,同意,同意,同意,同意,同意,同意,同意,同意,同意,同意,同意,同意,同意,同意,同意,同意,同意,同意,同意,同意,同意,同意,同意,同意,同意,同意
2020-5-23 下午07:20:19,男,16~20歲,大專院校,學生,全職學生,20000元以下,是,非常同意,非常同意,非常同意,非常同意,非常同意,非常同意,非常同意,非常同意,非常同意,非常同意,非常同意,非常同意,非常同意,非常同意,非常同意,非常同意,非常同意,非常同意,非常同意,非常同意,非常同意,非常同意,非常同意,非常同意,非常同意,非常同意,非常同意,非常同意,非常同意,非常同意,非常同意,非常同意,非常同意,非常同意,非常同意,非常同意,非常同意
2020-5-23 下午07:21:50,女,31~40歲,大專院校,資訊,全職學生,50001元以上,是,普通,普通,同意,同意,不同意,普通,非常同意,非常不同意,普通,普通,普通,普通,同意,普通,同意,同意,不同意,同意,普通,同意,普通,同意,普通,同意,不同意,普通,同意,普通,不同意,普通,非常不同意,普通,同意,同意,同意,非常不同意,普通
2020-5-23 下午07:23:19,男,41~50歲,大專院校,資訊,待業,50001元以上,否,同意,普通,非常同意,非常不同意,普通,普通,普通,普通,同意,不同意,普通,非常同意,同意,普通,同意,同意,不同意,非常同意,普通,普通,普通,不同意,非常同意,非常同意,非常不同意,非常不同意,同意,非常同意,同意,普通,普通,不同意,不同意,不同意,不同意,同意,普通
2020-5-23 下午08:27:07,男,21~30歲,大專院校,學生,兼職,20000元以下,否,普通,同意,普通,普通,同意,同意,普通,普通,同意,非常同意,同意,普通,同意,普通,普通,同意,普通,同意,普通,同意,同意,同意,同意,普通,同意,同意,普通,普通,普通,普通,不同意,普通,普通,普通,普通,普通,同意
2020-5-23 下午09:16:23,女,41~50歲,碩士以上,軍公教,全職,50001元以上,是,同意,同意,同意,同意,同意,同意,同意,同意,同意,同意,同意,同意,同意,同意,同意,同意,同意,同意,同意,同意,同意,同意,同意,同意,同意,同意,同意,同意,同意,普通,普通,同意,普通,普通,普通,不同意,普通
2020-5-23 下午09:18:12,女,51歲以上,大專院校,軍公教,全職,50001元以上,是,同意,同意,同意,同意,同意,同意,同意,同意,同意,同意,同意,同意,同意,同意,同意,同意,同意,同意,同意,同意,同意,同意,同意,同意,同意,同意,同意,同意,同意,同意,同意,同意,同意,同意,同意,同意,同意
2020-5-23 下午09:19:38,男,31~40歲,碩士以上,資訊,全職,40001~50000元,是,同意,同意,同意,同意,同意,同意,同意,同意,同意,同意,同意,同意,同意,同意,同意,同意,同意,同意,同意,同意,同意,同意,同意,同意,同意,普通,同意,同意,同意,同意,同意,同意,同意,同意,同意,同意,同意
2020-5-23 下午09:21:08,女,51歲以上,高中(職),自由業,兼職,30001~40000元,否,普通,普通,普通,普通,普通,普通,普通,普通,普通,普通,普通,普通,普通,普通,普通,普通,普通,普通,普通,普通,普通,普通,普通,普通,普通,普通,普通,普通,普通,普通,普通,普通,普通,普通,普通,普通,普通
2020-5-23 下午09:23:01,男,16~20歲,高中(職),學生,全職學生,20000元以下,是,普通,普通,普通,普通,普通,普通,普通,普通,普通,普通,同意,同意,同意,同意,同意,同意,同意,同意,同意,同意,普通,普通,普通,普通,普通,普通,同意,普通,普通,普通,不同意,普通,普通,普通,普通,不同意,普通
2020-5-23 下午09:23:09,男,21~30歲,大專院校,金融業,實習,30001~40000元,否,同意,同意,普通,普通,同意,不同意,不同意,普通,非常不同意,不同意,普通,不同意,同意,非常同意,不同意,非常同意,普通,非常同意,同意,非常不同意,普通,非常不同意,非常不同意,同意,同意,不同意,同意,普通,非常不同意,同意,不同意,非常不同意,同意,普通,同意,同意,普通
2020-5-23 下午09:24:44,女,41~50歲,碩士以上,軍公教,兼職,40001~50000元,否,非常同意,不同意,非常不同意,普通,同意,非常同意,同意,普通,不同意,不同意,同意,普通,普通,同意,普通,普通,同意,非常同意,同意,同意,同意,同意,同意,同意,非常同意,同意,非常同意,普通,普通,不同意,同意,普通,非常同意,非常同意,普通,非常不同意,不同意
2020-5-23 下午09:25:09,男,31~40歲,大專院校,製造業,全職,40001~50000元,是,普通,普通,普通,普通,同意,同意,普通,普通,普通,同意,同意,普通,同意,同意,同意,同意,同意,同意,同意,同意,同意,同意,同意,同意,同意,同意,同意,同意,同意,普通,不同意,普通,普通,普通,普通,不同意,普通
2020-5-23 下午09:26:27,男,41~50歲,大專院校,資訊,待業,40001~50000元,是,非常同意,同意,不同意,普通,普通,非常不同意,同意,不同意,同意,普通,普通,非常不同意,普通,普通,同意,普通,普通,非常同意,普通,同意,同意,普通,普通,同意,普通,不同意,同意,普通,同意,普通,同意,同意,普通,普通,同意,普通,普通
2020-5-23 下午09:26:43,女,21~30歲,大專院校,自由業,兼職,30001~40000元,是,同意,同意,同意,同意,同意,同意,同意,同意,同意,同意,同意,同意,同意,同意,同意,同意,同意,同意,同意,同意,同意,同意,同意,同意,同意,同意,同意,同意,同意,同意,同意,同意,同意,同意,同意,同意,同意
2020-5-23 下午09:27:37,男,21~30歲,大專院校,資訊,全職,30001~40000元,是,非常同意,非常同意,普通,普通,普通,非常同意,非常同意,同意,非常同意,非常同意,普通,普通,非常同意,同意,同意,同意,普通,非常同意,非常同意,同意,普通,非常同意,普通,同意,同意,普通,非常同意,非常同意,非常同意,普通,非常不同意,同意,普通,普通,普通,非常同意,同意
2020-5-23 下午11:50:57,女,21~30歲,大專院校,服務業,全職,30001~40000元,是,同意,同意,普通,普通,同意,普通,普通,普通,非常同意,非常同意,同意,同意,同意,普通,同意,同意,普通,同意,同意,同意,同意,同意,同意,同意,同意,同意,同意,普通,同意,普通,不同意,普通,普通,普通,普通,非常同意,同意
2020-5-24 上午10:12:26,男,16~20歲,大專院校,學生,兼職,20000元以下,否,同意,普通,普通,不同意,同意,同意,不同意,不同意,非常同意,非常同意,普通,普通,同意,普通,普通,普通,同意,普通,同意,普通,普通,普通,普通,同意,普通,普通,同意,同意,同意,非常不同意,非常不同意,不同意,不同意,普通,非常不同意,不同意,普通
2020-5-24 下午12:22:37,男,16~20歲,大專院校,軍公教,全職學生,20000元以下,是,普通,普通,普通,普通,普通,普通,普通,普通,普通,普通,普通,普通,普通,普通,普通,普通,普通,普通,普通,普通,普通,普通,普通,普通,普通,普通,普通,非常同意,不同意,不同意,普通,非常不同意,普通,不同意,普通,同意,普通
2020-5-24 下午12:22:54,女,16~20歲,大專院校,服務業,兼職,20000元以下,是,非常不同意,非常不同意,普通,普通,普通,普通,普通,普通,不同意,普通,普通,普通,普通,普通,普通,普通,普通,普通,普通,普通,普通,普通,普通,普通,普通,普通,普通,普通,普通,普通,普通,普通,普通,普通,普通,同意,不同意
2020-5-24 下午01:17:49,男,21~30歲,碩士以上,學生,待業,20000元以下,否,普通,同意,不同意,不同意,普通,普通,同意,普通,普通,非常同意,非常同意,普通,同意,同意,同意,普通,同意,普通,普通,普通,普通,同意,普通,普通,普通,普通,普通,普通,普通,普通,普通,普通,普通,普通,普通,普通,普通
2020-5-24 下午02:31:56,女,21~30歲,大專院校,學生,全職學生,20000元以下,是,同意,普通,普通,普通,普通,普通,普通,普通,非常同意,同意,同意,普通,同意,同意,同意,同意,普通,同意,非常同意,同意,普通,普通,普通,同意,普通,普通,普通,不同意,同意,不同意,不同意,不同意,普通,普通,普通,不同意,普通
2020-5-24 下午04:40:17,女,41~50歲,大專院校,服務業,全職,30001~40000元,是,同意,同意,普通,普通,同意,同意,普通,普通,普通,同意,同意,同意,同意,普通,同意,同意,同意,同意,同意,同意,同意,同意,同意,同意,同意,同意,同意,同意,同意,普通,普通,普通,普通,普通,普通,同意,同意
2020-5-24 下午08:27:14,女,16~20歲,高中(職),學生,全職學生,20000元以下,否,普通,不同意,普通,不同意,不同意,不同意,不同意,不同意,非常同意,同意,同意,同意,同意,普通,同意,同意,普通,普通,普通,普通,普通,普通,普通,普通,普通,普通,普通,普通,普通,普通,同意,不同意,普通,不同意,不同意,普通,同意
2020-5-24 下午09:32:58,女,16~20歲,高中(職),學生,全職學生,20000元以下,是,同意,同意,同意,同意,同意,同意,同意,同意,同意,同意,同意,同意,同意,同意,同意,同意,同意,同意,同意,同意,同意,同意,同意,同意,同意,同意,同意,同意,同意,同意,同意,同意,同意,同意,同意,同意,同意
2020-5-24 下午09:34:21,男,21~30歲,大專院校,大眾傳播業,全職,30001~40000元,是,普通,普通,普通,普通,普通,普通,普通,普通,同意,同意,同意,同意,同意,同意,同意,同意,同意,同意,同意,同意,同意,同意,同意,同意,同意,同意,同意,同意,同意,同意,同意,同意,同意,同意,同意,同意,同意
2020-5-24 下午09:35:37,女,31~40歲,高中(職),製造業,全職,20001~30000元,是,同意,同意,同意,同意,同意,同意,同意,同意,同意,同意,同意,同意,同意,同意,同意,同意,同意,同意,同意,同意,同意,同意,同意,同意,同意,同意,同意,同意,同意,同意,同意,同意,同意,同意,同意,同意,同意
2020-5-24 下午09:36:57,男,41~50歲,大專院校,軍公教,全職,50001元以上,是,同意,同意,同意,同意,同意,同意,同意,同意,同意,同意,同意,同意,同意,同意,同意,同意,同意,同意,同意,同意,同意,同意,同意,同意,同意,同意,同意,同意,同意,同意,同意,同意,同意,同意,同意,同意,同意
2020-5-24 下午09:37:54,男,41~50歲,大專院校,製造業,實習,30001~40000元,否,不同意,非常不同意,非常不同意,同意,不同意,不同意,普通,不同意,非常不同意,普通,不同意,普通,普通,同意,同意,普通,不同意,不同意,同意,非常不同意,普通,非常同意,同意,非常同意,非常同意,同意,普通,同意,同意,普通,非常同意,非常不同意,同意,非常不同意,同意,不同意,不同意
2020-5-24 下午09:38:15,女,51歲以上,碩士以上,軍公教,全職,50001元以上,是,同意,同意,同意,同意,同意,同意,同意,同意,同意,同意,同意,同意,同意,同意,同意,同意,同意,同意,同意,同意,同意,同意,同意,同意,同意,同意,同意,同意,同意,同意,同意,同意,同意,同意,同意,同意,同意
2020-5-24 下午09:39:31,女,21~30歲,碩士以上,學生,待業,30001~40000元,是,不同意,普通,同意,普通,非常同意,普通,非常不同意,同意,普通,普通,不同意,普通,同意,不同意,不同意,同意,非常同意,不同意,同意,普通,同意,不同意,非常同意,非常不同意,非常不同意,同意,普通,非常同意,非常不同意,非常同意,非常不同意,普通,普通,普通,普通,不同意,普通
2020-5-24 下午09:39:40,男,51歲以上,碩士以上,金融業,全職,50001元以上,是,同意,同意,同意,同意,同意,同意,同意,同意,同意,同意,同意,同意,同意,同意,同意,同意,同意,同意,同意,同意,同意,同意,同意,同意,同意,同意,同意,同意,同意,同意,同意,同意,同意,同意,同意,同意,同意
2020-5-24 下午09:40:56,女,31~40歲,高中(職),大眾傳播業,全職學生,30001~40000元,是,普通,普通,普通,普通,同意,不同意,非常同意,同意,不同意,同意,同意,不同意,不同意,同意,不同意,非常同意,不同意,普通,同意,同意,同意,同意,非常不同意,不同意,同意,非常同意,普通,同意,不同意,不同意,普通,同意,非常同意,不同意,普通,非常同意,同意
2020-5-24 下午09:41:19,女,21~30歲,碩士以上,金融業,全職,50001元以上,是,同意,同意,同意,同意,同意,同意,同意,同意,同意,同意,同意,普通,同意,普通,同意,同意,同意,同意,同意,同意,同意,同意,同意,同意,同意,同意,同意,同意,同意,同意,同意,同意,同意,同意,同意,同意,同意
2020-5-25 上午01:12:38,女,21~30歲,大專院校,服務業,兼職,20001~30000元,是,同意,同意,普通,普通,同意,普通,普通,普通,同意,普通,同意,普通,同意,普通,同意,普通,不同意,同意,同意,同意,同意,同意,普通,同意,普通,同意,同意,普通,同意,普通,不同意,普通,普通,同意,普通,同意,同意
2020-5-25 下午02:42:41,女,21~30歲,大專院校,學生,全職學生,20000元以下,否,同意,普通,普通,不同意,同意,同意,不同意,不同意,非常同意,非常同意,非常同意,普通,同意,普通,同意,同意,普通,同意,同意,同意,同意,同意,同意,同意,同意,同意,普通,不同意,同意,不同意,不同意,普通,普通,普通,普通,不同意,非常同意
2020-5-25 下午02:44:17,女,21~30歲,大專院校,學生,兼職,20000元以下,否,普通,普通,普通,普通,普通,普通,普通,普通,同意,同意,同意,同意,同意,同意,同意,同意,同意,同意,同意,同意,同意,同意,同意,同意,同意,同意,同意,同意,同意,同意,同意,同意,同意,同意,同意,同意,同意
2020-5-25 下午02:45:41,男,21~30歲,大專院校,學生,全職學生,20000元以下,否,普通,普通,普通,普通,普通,普通,普通,普通,普通,普通,普通,普通,普通,普通,普通,普通,普通,同意,普通,普通,普通,普通,普通,同意,普通,普通,普通,同意,普通,普通,普通,普通,普通,普通,普通,普通,普通
2020-5-25 下午02:50:24,男,21~30歲,大專院校,學生,全職學生,30001~40000元,是,同意,普通,不同意,普通,同意,普通,不同意,不同意,同意,同意,同意,普通,同意,普通,普通,普通,普通,同意,同意,同意,普通,同意,同意,同意,同意,普通,同意,普通,同意,普通,不同意,普通,普通,同意,普通,同意,同意
2020-5-25 下午02:57:26,女,16~20歲,大專院校,學生,兼職,20000元以下,否,同意,同意,同意,同意,同意,同意,同意,同意,同意,同意,同意,同意,同意,同意,同意,同意,同意,同意,同意,同意,同意,同意,同意,同意,同意,同意,同意,同意,同意,普通,普通,普通,普通,普通,普通,普通,同意
2020-5-25 下午02:58:38,女,21~30歲,大專院校,學生,全職學生,20000元以下,是,普通,同意,普通,普通,同意,普通,非常不同意,非常不同意,非常同意,同意,同意,普通,非常同意,同意,普通,同意,同意,普通,同意,同意,同意,同意,普通,同意,同意,普通,同意,同意,同意,普通,同意,普通,普通,普通,普通,同意,同意
2020-5-25 下午02:59:13,女,16~20歲,大專院校,學生,全職學生,20000元以下,是,非常同意,同意,同意,普通,同意,同意,同意,普通,非常同意,同意,同意,同意,非常同意,同意,同意,同意,同意,同意,非常同意,同意,同意,同意,同意,非常同意,非常同意,同意,同意,同意,同意,普通,普通,同意,普通,同意,普通,普通,非常同意
2020-5-25 下午02:59:33,男,21~30歲,大專院校,學生,全職學生,20000元以下,否,同意,普通,普通,普通,同意,普通,不同意,普通,同意,非常同意,非常同意,同意,非常同意,同意,同意,同意,同意,同意,同意,同意,同意,同意,同意,同意,同意,同意,同意,同意,同意,普通,同意,同意,同意,同意,同意,同意,同意
2020-5-25 下午03:00:12,女,21~30歲,大專院校,學生,全職學生,20000元以下,是,非常同意,同意,普通,不同意,非常同意,非常同意,同意,普通,非常同意,非常同意,非常同意,非常同意,普通,普通,非常同意,非常同意,非常同意,非常同意,非常同意,普通,普通,普通,普通,普通,普通,普通,非常同意,同意,同意,普通,普通,普通,普通,普通,普通,普通,非常同意
2020-5-25 下午03:12:14,女,16~20歲,大專院校,學生,兼職,20000元以下,否,普通,普通,普通,普通,普通,普通,不同意,不同意,非常同意,同意,非常同意,普通,非常同意,普通,普通,普通,同意,普通,普通,普通,普通,普通,普通,普通,普通,普通,普通,同意,同意,不同意,不同意,不同意,普通,普通,普通,同意,普通
2020-5-25 下午03:13:37,女,21~30歲,大專院校,學生,全職學生,20000元以下,是,普通,普通,普通,普通,普通,普通,普通,普通,普通,普通,普通,普通,普通,普通,普通,普通,普通,普通,普通,普通,普通,普通,普通,普通,普通,普通,普通,普通,普通,普通,普通,普通,普通,普通,普通,普通,普通
2020-5-25 下午03:14:32,女,21~30歲,大專院校,學生,兼職,20000元以下,是,非常同意,非常同意,普通,不同意,非常同意,不同意,普通,不同意,非常同意,同意,非常同意,同意,非常同意,同意,同意,同意,非常同意,同意,非常同意,同意,普通,普通,同意,同意,同意,普通,同意,普通,普通,普通,不同意,不同意,普通,普通,普通,不同意,同意
2020-5-25 下午03:14:58,女,21~30歲,大專院校,學生,兼職,20000元以下,是,同意,同意,普通,同意,同意,普通,不同意,非常同意,同意,同意,同意,同意,同意,同意,同意,同意,同意,同意,非常同意,同意,同意,同意,同意,同意,同意,普通,普通,普通,普通,普通,普通,普通,普通,普通,普通,普通,同意
2020-5-25 下午03:25:31,女,16~20歲,大專院校,學生,實習,20000元以下,否,普通,普通,普通,不同意,普通,非常不同意,非常不同意,非常不同意,同意,非常同意,同意,同意,同意,同意,同意,同意,同意,同意,同意,普通,同意,普通,同意,非常同意,同意,同意,普通,同意,同意,普通,普通,普通,普通,同意,普通,普通,同意
2020-5-25 下午03:26:18,女,21~30歲,大專院校,學生,全職學生,20000元以下,否,普通,同意,普通,同意,同意,同意,不同意,不同意,同意,同意,同意,同意,同意,同意,同意,同意,同意,普通,同意,同意,同意,普通,普通,普通,同意,同意,同意,同意,同意,普通,普通,普通,普通,同意,普通,普通,普通
2020-5-25 下午03:40:34,女,16~20歲,大專院校,學生,實習,20000元以下,否,普通,普通,普通,不同意,普通,非常不同意,非常不同意,非常不同意,同意,非常同意,同意,同意,同意,同意,同意,同意,同意,同意,同意,普通,同意,普通,同意,非常同意,同意,同意,普通,同意,同意,普通,普通,普通,普通,同意,普通,普通,同意
2020-5-25 下午03:42:28,女,16~20歲,大專院校,學生,全職學生,20000元以下,是,非常同意,普通,普通,普通,同意,普通,不同意,不同意,同意,非常同意,同意,普通,普通,普通,普通,普通,普通,同意,同意,同意,普通,同意,同意,同意,同意,普通,同意,同意,同意,普通,不同意,同意,普通,普通,普通,不同意,同意
2020-5-25 下午04:31:08,男,16~20歲,大專院校,服務業,兼職,20000元以下,是,非常同意,同意,普通,不同意,普通,不同意,非常不同意,非常不同意,非常同意,非常同意,非常同意,同意,同意,普通,普通,普通,普通,普通,普通,同意,同意,普通,同意,普通,普通,同意,普通,普通,非常不同意,普通,非常不同意,普通,普通,普通,不同意,同意,同意
2020-5-25 下午04:39:59,男,21~30歲,大專院校,金融業,實習,20001~30000元,否,普通,普通,普通,不同意,普通,普通,不同意,不同意,非常同意,同意,同意,普通,同意,普通,同意,普通,普通,同意,同意,同意,普通,同意,普通,普通,普通,普通,普通,普通,普通,普通,普通,普通,普通,普通,普通,普通,普通
2020-5-25 下午05:13:26,女,21~30歲,大專院校,學生,兼職,20000元以下,否,同意,同意,普通,普通,同意,普通,普通,不同意,非常同意,非常同意,同意,普通,同意,同意,同意,同意,普通,同意,同意,同意,普通,同意,普通,同意,同意,同意,普通,普通,同意,同意,不同意,普通,普通,同意,普通,同意,同意
2020-5-25 下午05:18:50,男,16~20歲,大專院校,學生,全職學生,50001元以上,是,非常同意,非常同意,非常同意,非常同意,非常同意,同意,普通,同意,普通,普通,同意,同意,同意,非常同意,普通,普通,普通,同意,非常同意,普通,普通,同意,非常同意,非常同意,非常同意,同意,普通,普通,同意,同意,不同意,普通,普通,同意,非常同意,同意,同意
2020-5-25 下午06:48:05,女,21~30歲,大專院校,學生,全職學生,20000元以下,是,普通,同意,普通,不同意,同意,不同意,同意,普通,非常同意,同意,同意,同意,非常同意,同意,同意,同意,普通,同意,同意,同意,普通,同意,同意,同意,同意,同意,同意,普通,普通,普通,普通,普通,普通,同意,普通,普通,不同意
2020-5-25 下午06:52:47,女,21~30歲,大專院校,學生,全職學生,20000元以下,是,同意,普通,普通,普通,同意,同意,普通,普通,同意,同意,同意,同意,同意,同意,同意,同意,普通,同意,普通,普通,普通,普通,普通,同意,同意,普通,同意,普通,同意,普通,不同意,普通,不同意,普通,普通,普通,普通
2020-5-25 下午06:53:20,女,21~30歲,大專院校,學生,兼職,20000元以下,是,同意,同意,普通,普通,同意,同意,普通,普通,同意,同意,同意,普通,同意,同意,同意,普通,同意,同意,同意,普通,普通,普通,普通,同意,普通,普通,同意,普通,同意,同意,普通,普通,普通,普通,普通,普通,同意
2020-5-25 下午06:57:29,女,16~20歲,大專院校,學生,實習,20000元以下,否,普通,普通,普通,不同意,普通,非常不同意,非常不同意,非常不同意,同意,非常同意,同意,同意,同意,同意,同意,同意,同意,同意,同意,普通,同意,普通,同意,非常同意,同意,同意,普通,同意,同意,普通,普通,普通,普通,同意,普通,普通,同意
2020-5-25 下午07:01:47,男,16~20歲,大專院校,學生,全職學生,20000元以下,否,同意,普通,普通,不同意,同意,普通,普通,普通,非常同意,同意,普通,同意,非常同意,普通,普通,普通,非常同意,普通,同意,普通,普通,同意,同意,非常同意,普通,普通,同意,不同意,同意,普通,非常不同意,普通,不同意,普通,不同意,普通,不同意
2020-5-25 下午07:07:43,男,21~30歲,大專院校,學生,全職學生,20000元以下,是,普通,普通,不同意,不同意,普通,不同意,不同意,不同意,同意,同意,同意,普通,非常同意,同意,同意,同意,同意,同意,同意,同意,普通,同意,普通,普通,同意,普通,普通,普通,普通,普通,普通,普通,普通,普通,普通,普通,普通
2020-5-25 下午09:49:00,女,21~30歲,大專院校,學生,全職學生,20000元以下,否,同意,普通,普通,普通,同意,普通,不同意,不同意,非常同意,非常同意,同意,同意,非常同意,同意,非常同意,同意,同意,同意,同意,同意,同意,同意,同意,同意,同意,同意,普通,同意,普通,普通,不同意,普通,普通,普通,普通,同意,同意
2020-5-25 下午10:36:09,男,21~30歲,大專院校,服務業,全職,30001~40000元,否,同意,同意,普通,不同意,同意,同意,普通,普通,非常同意,同意,同意,普通,同意,同意,普通,普通,同意,普通,非常同意,同意,同意,同意,普通,同意,普通,普通,同意,同意,同意,普通,不同意,普通,普通,普通,普通,普通,普通
2020-5-25 下午11:21:48,女,16~20歲,大專院校,學生,兼職,20000元以下,是,普通,普通,同意,普通,同意,同意,普通,普通,同意,同意,同意,同意,同意,同意,同意,同意,同意,同意,非常同意,同意,同意,同意,同意,同意,同意,同意,同意,同意,同意,普通,普通,普通,同意,同意,非常同意,同意,同意
2020-5-26 上午12:14:42,男,21~30歲,大專院校,學生,全職,20000元以下,是,普通,同意,同意,同意,同意,普通,普通,普通,普通,普通,普通,普通,同意,同意,同意,同意,同意,同意,同意,同意,同意,同意,同意,普通,同意,同意,同意,同意,同意,同意,同意,同意,同意,同意,同意,同意,同意
2020-5-26 上午12:16:07,男,21~30歲,高中(職),資訊,待業,20001~30000元,是,同意,同意,同意,同意,同意,同意,同意,同意,同意,同意,同意,同意,同意,同意,同意,同意,同意,同意,同意,同意,同意,同意,同意,同意,同意,同意,同意,同意,同意,同意,同意,同意,同意,同意,同意,同意,同意
2020-5-26 下午08:17:15,女,31~40歲,大專院校,軍公教,全職,40001~50000元,是,同意,不同意,同意,不同意,非常同意,普通,普通,不同意,同意,同意,同意,同意,同意,同意,同意,同意,同意,同意,同意,同意,普通,同意,同意,普通,普通,不同意,普通,不同意,普通,不同意,非常不同意,普通,普通,普通,普通,非常同意,普通
2020-5-27 上午01:18:49,女,41~50歲,大專院校,軍公教,全職,40001~50000元,是,同意,普通,不同意,非常不同意,同意,不同意,非常不同意,非常不同意,非常同意,非常同意,同意,普通,同意,普通,普通,普通,同意,普通,普通,同意,非常不同意,不同意,普通,非常不同意,不同意,非常不同意,非常同意,同意,普通,非常不同意,非常不同意,普通,不同意,不同意,普通,非常不同意,非常同意
2020-5-27 上午02:01:13,女,16~20歲,大專院校,學生,兼職,20000元以下,是,同意,同意,普通,同意,同意,普通,普通,普通,非常同意,非常同意,同意,普通,同意,不同意,同意,同意,同意,同意,同意,同意,同意,同意,同意,非常同意,同意,普通,同意,普通,非常同意,同意,非常同意,同意,普通,同意,普通,普通,同意
2020-5-27 上午10:30:20,男,21~30歲,大專院校,學生,兼職,20000元以下,是,同意,同意,普通,普通,同意,同意,同意,同意,同意,同意,普通,普通,同意,同意,同意,同意,同意,普通,同意,同意,同意,普通,同意,同意,同意,普通,同意,普通,同意,同意,同意,同意,同意,同意,普通,同意,同意
2020-5-27 上午10:31:40,男,21~30歲,大專院校,大眾傳播業,全職,30001~40000元,是,同意,同意,普通,同意,同意,同意,同意,不同意,同意,非常同意,非常同意,普通,普通,同意,同意,普通,普通,普通,同意,同意,同意,同意,同意,普通,同意,普通,普通,普通,同意,同意,同意,普通,同意,同意,同意,普通,普通
2020-5-27 上午10:38:16,男,21~30歲,大專院校,學生,全職學生,20000元以下,否,普通,普通,普通,不同意,同意,不同意,非常不同意,非常不同意,普通,普通,同意,普通,同意,同意,同意,同意,普通,同意,同意,普通,同意,普通,同意,普通,普通,同意,同意,普通,普通,普通,普通,普通,普通,普通,普通,普通,同意
2020-5-27 上午10:38:48,女,21~30歲,大專院校,學生,全職學生,20000元以下,否,不同意,不同意,不同意,非常不同意,非常不同意,非常不同意,非常不同意,非常不同意,同意,非常同意,非常同意,非常同意,普通,不同意,同意,同意,同意,普通,同意,普通,普通,同意,普通,普通,非常同意,非常不同意,非常不同意,非常不同意,非常不同意,非常不同意,非常不同意,非常不同意,非常不同意,非常不同意,非常不同意,非常不同意,普通
2020-5-27 上午10:39:48,女,21~30歲,大專院校,學生,兼職,20000元以下,否,同意,非常同意,普通,不同意,同意,同意,普通,普通,非常同意,非常同意,同意,普通,同意,非常同意,同意,同意,普通,同意,同意,同意,同意,同意,同意,同意,同意,普通,普通,同意,同意,同意,普通,普通,普通,普通,普通,同意,不同意
2020-5-27 上午10:40:55,女,21~30歲,大專院校,學生,全職學生,20000元以下,否,普通,普通,不同意,非常不同意,同意,不同意,非常不同意,非常不同意,非常同意,同意,同意,非常不同意,同意,非常不同意,同意,普通,不同意,同意,普通,普通,同意,不同意,普通,普通,同意,不同意,同意,普通,同意,普通,不同意,普通,普通,普通,同意,普通,同意
2020-5-27 上午10:43:18,女,21~30歲,大專院校,學生,兼職,20000元以下,否,非常同意,普通,普通,普通,同意,不同意,普通,不同意,同意,同意,不同意,普通,同意,同意,同意,同意,同意,同意,普通,普通,普通,同意,普通,同意,普通,普通,同意,普通,同意,普通,非常不同意,普通,普通,普通,普通,不同意,同意
2020-5-27 上午10:47:48,男,16~20歲,大專院校,學生,兼職,20000元以下,是,同意,同意,普通,不同意,同意,同意,不同意,不同意,同意,同意,非常同意,普通,同意,同意,同意,同意,同意,同意,同意,同意,同意,同意,普通,同意,普通,普通,同意,同意,同意,普通,不同意,普通,不同意,普通,普通,同意,同意
2020-5-27 上午10:48:52,男,21~30歲,大專院校,學生,兼職,20000元以下,是,同意,同意,非常同意,非常同意,非常同意,非常同意,非常同意,同意,非常同意,普通,同意,同意,非常同意,同意,非常同意,非常同意,非常同意,同意,非常同意,非常同意,非常同意,非常同意,非常同意,非常同意,非常同意,非常同意,非常同意,非常同意,非常同意,非常同意,非常同意,非常同意,非常同意,非常同意,非常同意,非常同意,非常同意
2020-5-27 上午10:54:39,女,21~30歲,大專院校,學生,兼職,20000元以下,是,同意,普通,普通,普通,同意,同意,不同意,不同意,同意,同意,同意,普通,同意,同意,同意,同意,普通,普通,同意,同意,同意,同意,普通,同意,普通,普通,同意,同意,同意,同意,同意,普通,普通,同意,普通,普通,普通